code,buy_date,buy_price,sell_date,sell_price,sell_reason,holding_days,gross_return,net_return,highest_price,max_drawdown,is_profitable
605090,2025-09-23,32.16213,2025-10-17,33.5280384,移动止盈,24,4.246946330979951,3.896946330979951,36.48,0,True
600503,2025-09-05,3.2132099999999997,2025-09-15,3.6487476000000005,移动止盈,10,13.554594937772535,13.204594937772535,3.97,0,True
600160,2025-10-09,41.041,2025-10-14,36.8999631,硬止损,5,-10.089999999999991,-10.43999999999999,41.66,0,False
002875,2025-09-10,17.017,2025-09-30,17.6279544,移动止盈,20,3.5902591526120977,3.2402591526120976,19.18,0,True
603209,2025-12-24,16.19618,2025-12-31,15.072911999999999,移动止盈,7,-6.935388468144955,-7.285388468144956,16.4,0,False
002278,2025-09-18,10.26025,2025-09-23,9.9168732,移动止盈,5,-3.3466708900855213,-3.696670890085522,10.79,0,False
002901,2025-09-10,55.04499,2025-09-23,52.2313164,移动止盈,13,-5.111588902096269,-5.46158890209627,56.83,0,False
002836,2025-11-04,12.66265,2025-11-18,12.959028,移动止盈,14,2.3405685223867096,1.9905685223867098,14.1,0,True
600226,2025-09-18,4.09409,2025-09-25,4.2369588,移动止盈,7,3.4896350593172225,3.1396350593172224,4.61,0,True
600149,2025-10-22,5.755749999999999,2025-11-19,5.808585600000001,移动止盈,28,0.9179620379620668,0.5679620379620668,6.32,0,True
600916,2026-02-26,11.561549999999999,2026-03-03,11.4793092,移动止盈,5,-0.7113302282133385,-1.0613302282133383,12.49,0,False
605333,2025-09-25,38.33829999999999,2025-10-13,35.3661984,移动止盈,18,-7.752304092774037,-8.102304092774038,38.48,0,False
002213,2025-09-23,18.43842,2025-10-09,19.9256544,移动止盈,16,8.065953590383549,7.715953590383548,21.68,0,True
001220,2026-03-19,43.63359,2026-03-23,39.230960769,硬止损,4,-10.089999999999998,-10.439999999999998,43.63359,0,False
603966,2025-12-26,11.511499999999998,2026-01-21,13.5288576,移动止盈,26,17.524715284715306,17.174715284715305,14.72,0,True
603256,2025-09-22,38.90886999999999,2025-09-26,34.98296501699999,硬止损,4,-10.090000000000007,-10.440000000000008,42.0,0,False
002366,2025-09-17,7.9079,2025-09-26,7.637554800000001,移动止盈,9,-3.418672466773715,-3.7686724667737157,8.31,0,False
002820,2025-09-08,12.862849999999998,2025-09-22,12.4811064,移动止盈,14,-2.967799515659425,-3.3177995156594253,13.58,0,False
603520,2025-10-13,10.83082,2025-11-06,10.3672224,移动止盈,24,-4.280355504015393,-4.630355504015393,11.28,0,False
600958,2025-10-09,11.40139,2025-11-03,10.8359532,移动止盈,25,-4.959367235047646,-5.309367235047646,11.79,0,False
603887,2025-09-16,18.79878,2025-09-23,17.277582722400002,移动止盈,7,-8.091999999999993,-8.441999999999993,18.79878,0,False
000823,2025-09-15,13.813799999999999,2025-09-23,13.7126736,移动止盈,8,-0.7320679320679196,-1.0820679320679196,14.92,0,False
002774,2025-09-15,10.930919999999999,2025-09-22,10.0547352,移动止盈,7,-8.015654674995327,-8.365654674995326,10.94,0,False
600458,2025-09-09,15.045029999999997,2025-10-09,15.5844,时间止盈,30,3.5850377167742677,3.235037716774267,16.04,0,True
605377,2025-12-29,8.69869,2026-01-28,8.56143,时间止盈,30,-1.5779387470986954,-1.9279387470986953,8.9,0,False
603219,2025-09-10,18.738719999999997,2025-09-16,18.473508000000002,移动止盈,6,-1.415315453776964,-1.7653154537769642,20.1,0,False
603929,2025-09-15,42.50246,2025-09-22,39.6307296,移动止盈,7,-6.756621616725236,-7.106621616725237,43.12,0,False
603192,2025-09-10,22.98296,2025-09-22,21.8649132,移动止盈,12,-4.864677134711972,-5.214677134711971,23.79,0,False
002826,2025-09-22,20.40038,2025-10-09,18.8779032,移动止盈,17,-7.462982552285791,-7.812982552285791,20.54,0,False
603227,2025-09-23,9.249239999999999,2025-10-23,9.260729999999999,时间止盈,30,0.12422642292772405,-0.22577357707227594,9.7,0,False
603683,2025-09-25,35.37534,2025-10-09,32.52624120000001,移动止盈,14,-8.053912132010584,-8.403912132010584,35.39,0,False
603718,2026-01-07,6.476469999999999,2026-01-27,6.6081852,移动止盈,20,2.0337498668256204,1.6837498668256208,7.19,0,True
600846,2025-09-16,13.4134,2025-09-29,13.418568,移动止盈,13,0.03852863554356965,-0.31147136445643037,14.6,0,False
000592,2025-09-30,3.5335299999999994,2025-10-16,3.400596,移动止盈,16,-3.7620736204305394,-4.1120736204305395,3.7,0,False
000593,2025-10-28,8.71871,2025-11-03,9.6871032,移动止盈,6,11.107069738527828,10.757069738527827,10.54,0,True
002945,2025-09-08,16.72671,2025-10-09,16.80318,时间止盈,31,0.45717298859130384,0.10717298859130382,17.39,0,True
000650,2025-09-18,6.646639999999999,2025-09-26,6.1087938911999995,移动止盈,8,-8.091999999999992,-8.441999999999991,6.646639999999999,0,False
000783,2025-09-15,8.3083,2025-10-15,8.57142,时间止盈,30,3.16695352839932,2.81695352839932,8.69,0,True
603666,2025-10-10,34.184149999999995,2025-10-14,30.734969264999997,硬止损,4,-10.089999999999998,-10.439999999999998,34.184149999999995,0,False
002236,2025-09-22,19.609589999999997,2025-10-13,19.9072728,移动止盈,21,1.5180470371894774,1.1680470371894776,21.66,0,True
600530,2025-09-23,8.39839,2025-10-15,8.0511408,移动止盈,22,-4.134711533996379,-4.4847115339963795,8.76,0,False
002364,2025-09-10,26.936909999999997,2025-09-15,29.0705004,移动止盈,5,7.92069468992547,7.570694689925469,31.63,0,True
603197,2025-09-10,40.05000999999999,2025-10-09,43.1875692,移动止盈,29,7.834103412208901,7.484103412208901,46.99,0,True
600745,2025-09-22,47.59754999999999,2025-09-30,46.689263999999994,移动止盈,8,-1.90826208491823,-2.25826208491823,50.8,0,False
002108,2025-09-22,4.11411,2025-10-16,3.8693268,移动止盈,24,-5.949845774663295,-6.299845774663295,4.21,0,False
605598,2025-09-09,26.136109999999995,2025-10-09,24.89508,时间止盈,30,-4.748334775144408,-5.098334775144409,26.48,0,False
000581,2025-09-30,23.23321,2025-10-14,21.3869916,移动止盈,14,-7.946462843489978,-8.296462843489978,23.27,0,False
603882,2025-09-10,32.34231,2025-09-22,30.513456000000005,移动止盈,12,-5.654679582256161,-6.004679582256162,33.2,0,False
002843,2025-09-15,23.513489999999997,2025-09-23,24.171804,移动止盈,8,2.799729006625577,2.449729006625577,26.3,0,True
601890,2025-09-22,9.909899999999999,2025-10-17,9.4021884,移动止盈,25,-5.123276723276709,-5.47327672327671,10.23,0,False
002436,2025-09-16,22.1221,2025-09-23,23.0597172,移动止盈,7,4.2383733913145765,3.888373391314576,25.09,0,True
601020,2025-09-26,25.71569,2025-10-13,27.7378344,移动止盈,17,7.863465456303144,7.513465456303144,30.18,0,True
601688,2025-11-10,22.20218,2025-11-21,21.0653136,移动止盈,11,-5.120516994277134,-5.4705169942771334,22.92,0,False
603838,2025-09-18,7.717709999999999,2025-09-23,7.0931929068,移动止盈,5,-8.091999999999997,-8.441999999999997,7.717709999999999,0,False
600233,2025-09-17,19.3193,2025-09-23,18.905475600000003,移动止盈,6,-2.142025849797849,-2.492025849797849,20.57,0,False
000938,2025-09-22,30.67064,2025-10-10,29.557612799999998,移动止盈,18,-3.6289663339271736,-3.9789663339271737,32.16,0,False
603663,2025-10-09,29.039009999999998,2025-10-16,26.108973891,硬止损,7,-10.089999999999986,-10.439999999999987,29.039009999999998,0,False
002346,2025-09-24,16.426409999999997,2025-10-09,17.9036784,移动止盈,15,8.993251720856863,8.643251720856862,19.48,0,True
000026,2025-09-18,17.847829999999995,2025-09-23,16.046983952999998,硬止损,5,-10.089999999999986,-10.439999999999985,17.847829999999995,0,False
603059,2025-09-10,32.072039999999994,2025-09-30,32.9582088,移动止盈,20,2.7630571675515725,2.413057167551573,35.86,0,True
600397,2025-09-25,7.607599999999999,2025-09-30,6.83999316,硬止损,5,-10.089999999999991,-10.43999999999999,7.97,0,False
603758,2025-09-10,14.464449999999998,2025-09-17,15.302681999999999,移动止盈,7,5.795118376433266,5.445118376433266,16.65,0,True
603396,2025-10-13,28.03801,2025-10-23,27.5632092,移动止盈,10,-1.693418327477594,-2.043418327477594,29.99,0,False
002112,2025-09-11,13.623609999999998,2025-09-23,13.0233636,移动止盈,12,-4.40592765060067,-4.755927650600671,14.17,0,False
603186,2025-09-15,39.459419999999994,2025-09-24,41.432126399999994,移动止盈,9,4.999329437685603,4.649329437685602,45.08,0,True
000056,2025-09-12,2.8828799999999997,2025-09-17,3.0421548000000005,移动止盈,5,5.524850149850179,5.174850149850179,3.31,0,True
600760,2025-09-23,64.76469999999999,2025-09-30,66.0175164,移动止盈,7,1.934412419111051,1.5844124191110511,71.83,0,True
603535,2025-09-16,12.342329999999999,2025-09-23,11.7550332,移动止盈,7,-4.758394889781743,-5.108394889781744,12.79,0,False
002615,2026-02-24,9.4094,2026-03-06,8.942648400000001,移动止盈,10,-4.960482071120353,-5.310482071120353,9.73,0,False
603402,2026-02-09,161.40124,2026-02-24,145.11585488400002,硬止损,15,-10.089999999999993,-10.439999999999992,161.40124,0,False
600552,2025-09-15,12.65264,2025-09-23,12.913074000000002,移动止盈,8,2.05833723238788,1.7083372323878798,14.05,0,True
002981,2025-09-18,34.52449,2025-09-23,31.040968959,硬止损,5,-10.09,-10.44,34.52449,0,False
001696,2025-09-26,25.095069999999996,2025-10-17,23.7674088,移动止盈,21,-5.2905259877736865,-5.640525987773687,25.86,0,False
603191,2025-10-31,15.885869999999997,2025-11-05,17.085697200000002,移动止盈,5,7.5527950310559335,7.202795031055934,18.59,0,True
603855,2025-09-16,20.80078,2025-10-16,20.109869999999997,时间止盈,30,-3.3215581338776836,-3.6715581338776837,21.1,0,False
600510,2025-09-10,7.4074,2025-09-18,7.8948972,移动止盈,8,6.581218781218781,6.2312187812187805,8.59,0,True
000009,2025-09-29,11.771759999999999,2025-10-13,11.7550332,移动止盈,14,-0.1420926012762657,-0.4920926012762657,12.79,0,False
605336,2025-12-26,15.935919999999998,2026-01-13,17.094888,移动止盈,18,7.272677071672068,6.922677071672068,18.6,0,True
600172,2025-09-16,4.75475,2025-09-22,4.8619332,移动止盈,6,2.2542341868657787,1.9042341868657786,5.29,0,True
000036,2025-09-17,4.594589999999999,2025-09-22,4.4667288,移动止盈,5,-2.7828641946288797,-3.1328641946288793,4.86,0,False
002465,2025-09-12,13.543529999999999,2025-09-23,12.821166,移动止盈,11,-5.333646397947942,-5.683646397947943,13.95,0,False
