code,name,trigger_date,buy_date,sell_date,profit_pct,hold_days,exit_reason
601700,601700_data,2019-02-15 00:00:00,2019-02-16,2019-02-26 00:00:00,62.88056034417004,8,移动止盈
002175,002175_data,2019-02-25 00:00:00,2019-02-26,2019-03-08 00:00:00,59.584604904632165,10,移动止盈
002488,002488_data,2019-02-26 00:00:00,2019-02-27,2019-03-08 00:00:00,47.01386768447837,9,移动止盈
600061,600061_data,2019-02-19 00:00:00,2019-02-20,2019-02-27 00:00:00,30.1965004793864,7,移动止盈
603032,603032_data,2019-03-01 00:00:00,2019-03-02,2019-03-11 00:00:00,27.699204920492065,7,移动止盈
600531,600531_data,2019-02-22 00:00:00,2019-02-23,2019-03-07 00:00:00,26.125374732334063,10,移动止盈
600800,600800_data,2019-02-13 00:00:00,2019-02-14,2019-03-08 00:00:00,25.631981981981987,22,移动止盈
600425,600425_data,2019-02-26 00:00:00,2019-02-27,2019-03-05 00:00:00,25.383333333333326,6,移动止盈
002583,002583_data,2019-02-11 00:00:00,2019-02-12,2019-03-06 00:00:00,24.543289328932897,22,移动止盈
002192,002192_data,2019-02-20 00:00:00,2019-02-21,2019-02-27 00:00:00,24.30735414954807,6,移动止盈
600369,600369_data,2019-02-19 00:00:00,2019-02-20,2019-02-26 00:00:00,23.39647887323945,6,移动止盈
601099,601099_data,2019-02-19 00:00:00,2019-02-20,2019-02-26 00:00:00,22.955555555555566,6,移动止盈
600864,600864_data,2019-02-19 00:00:00,2019-02-20,2019-02-26 00:00:00,22.88108384458078,6,移动止盈
002542,002542_data,2019-02-26 00:00:00,2019-02-27,2019-03-13 00:00:00,21.93333333333334,14,移动止盈
002426,002426_data,2019-02-13 00:00:00,2019-02-14,2019-02-19 00:00:00,21.22142857142859,5,移动止盈
601377,601377_data,2019-02-19 00:00:00,2019-02-20,2019-02-26 00:00:00,21.188461538461542,6,移动止盈
601878,601878_data,2019-02-19 00:00:00,2019-02-20,2019-02-26 00:00:00,19.544736842105277,6,移动止盈
002886,002886_data,2019-02-14 00:00:00,2019-02-15,2019-02-20 00:00:00,18.94104477611943,5,移动止盈
002733,002733_data,2019-02-15 00:00:00,2019-02-16,2019-02-25 00:00:00,18.811904761904785,7,移动止盈
600996,600996_data,2019-02-11 00:00:00,2019-02-12,2019-02-26 00:00:00,17.355882352941173,14,移动止盈
000955,000955_data,2019-02-12 00:00:00,2019-02-13,2019-03-08 00:00:00,17.193529411764697,23,移动止盈
000712,000712_data,2019-02-19 00:00:00,2019-02-20,2019-02-27 00:00:00,17.13990825688073,7,移动止盈
603098,603098_data,2019-02-12 00:00:00,2019-02-13,2019-02-20 00:00:00,17.13201438848922,7,移动止盈
002161,002161_data,2019-02-19 00:00:00,2019-02-20,2019-03-06 00:00:00,16.98108108108108,14,移动止盈
002194,002194_data,2019-02-19 00:00:00,2019-02-20,2019-02-26 00:00:00,16.960502283105033,6,移动止盈
002214,002214_data,2019-02-14 00:00:00,2019-02-15,2019-03-08 00:00:00,16.843846153846144,21,移动止盈
000686,000686_data,2019-02-19 00:00:00,2019-02-20,2019-02-27 00:00:00,16.762860892388442,7,移动止盈
002656,002656_data,2019-02-25 00:00:00,2019-02-26,2019-03-04 00:00:00,16.714566929133866,6,移动止盈
603363,603363_data,2019-02-12 00:00:00,2019-02-13,2019-02-18 00:00:00,14.344074969770269,5,移动止盈
600391,600391_data,2019-02-26 00:00:00,2019-02-27,2019-03-12 00:00:00,14.146350364963522,13,移动止盈
002100,002100_data,2019-02-12 00:00:00,2019-02-13,2019-02-22 00:00:00,14.145784148397983,9,移动止盈
603516,603516_data,2019-02-19 00:00:00,2019-02-20,2019-03-08 00:00:00,14.139761092150168,16,移动止盈
603111,603111_data,2019-03-04 00:00:00,2019-03-05,2019-03-11 00:00:00,14.018627450980395,6,移动止盈
002941,002941_data,2019-02-18 00:00:00,2019-02-19,2019-02-26 00:00:00,13.366738197424901,7,移动止盈
603081,603081_data,2019-02-20 00:00:00,2019-02-21,2019-03-01 00:00:00,13.342191053828664,8,移动止盈
601100,601100_data,2019-02-22 00:00:00,2019-02-23,2019-03-26 00:00:00,12.969073083778957,29,移动止盈
002182,002182_data,2019-02-25 00:00:00,2019-02-26,2019-03-25 00:00:00,12.094444444444457,27,移动止盈
600072,600072_data,2019-02-26 00:00:00,2019-02-27,2019-03-04 00:00:00,11.990136054421768,5,移动止盈
603042,603042_data,2019-02-19 00:00:00,2019-02-20,2019-03-11 00:00:00,11.452690582959654,19,移动止盈
000517,000517_data,2019-02-26 00:00:00,2019-02-27,2019-03-04 00:00:00,11.41296296296295,5,移动止盈
603005,603005_data,2019-02-14 00:00:00,2019-02-15,2019-02-20 00:00:00,11.372358722358724,5,移动止盈
603181,603181_data,2019-02-19 00:00:00,2019-02-20,2019-03-22 00:00:00,11.224556830031277,30,时间止盈
603929,603929_data,2019-02-15 00:00:00,2019-02-16,2019-03-08 00:00:00,10.988660110633084,18,移动止盈
002497,002497_data,2019-02-12 00:00:00,2019-02-13,2019-02-22 00:00:00,10.975443786982249,9,移动止盈
000506,000506_data,2019-02-26 00:00:00,2019-02-27,2019-03-07 00:00:00,10.886363636363651,8,移动止盈
600550,600550_data,2019-02-26 00:00:00,2019-02-27,2019-03-08 00:00:00,10.772401847575063,9,移动止盈
002141,002141_data,2019-02-15 00:00:00,2019-02-16,2019-02-26 00:00:00,10.597368421052625,8,移动止盈
002856,002856_data,2019-02-18 00:00:00,2019-02-19,2019-03-08 00:00:00,10.528486997635946,17,移动止盈
002862,002862_data,2019-02-19 00:00:00,2019-02-20,2019-02-25 00:00:00,10.376351351351362,5,移动止盈
601901,601901_data,2019-02-19 00:00:00,2019-02-20,2019-02-25 00:00:00,10.352541106128552,5,移动止盈
000151,000151_data,2019-02-26 00:00:00,2019-02-27,2019-03-04 00:00:00,10.201440329218107,5,移动止盈
600416,600416_data,2019-02-19 00:00:00,2019-02-20,2019-02-27 00:00:00,9.869312602291332,7,移动止盈
600703,600703_data,2019-02-11 00:00:00,2019-02-12,2019-02-18 00:00:00,9.847802197802197,6,移动止盈
603859,603859_data,2019-02-25 00:00:00,2019-02-26,2019-03-06 00:00:00,9.801770657672854,8,移动止盈
601388,601388_data,2019-02-26 00:00:00,2019-02-27,2019-03-05 00:00:00,9.610159362549819,6,移动止盈
600689,600689_data,2019-02-15 00:00:00,2019-02-16,2019-02-28 00:00:00,9.59228855721393,10,移动止盈
000862,000862_data,2019-02-18 00:00:00,2019-02-19,2019-02-25 00:00:00,9.587961595273272,6,移动止盈
002454,002454_data,2019-02-14 00:00:00,2019-02-15,2019-03-08 00:00:00,9.456451612903214,21,移动止盈
000510,000510_data,2019-02-14 00:00:00,2019-02-15,2019-02-25 00:00:00,9.16376146788992,10,移动止盈
603063,603063_data,2019-02-12 00:00:00,2019-02-13,2019-02-19 00:00:00,9.129999999999999,6,移动止盈
002670,002670_data,2019-02-25 00:00:00,2019-02-26,2019-03-05 00:00:00,9.011290322580646,7,移动止盈
000045,000045_data,2019-02-26 00:00:00,2019-02-27,2019-03-07 00:00:00,8.848813056379823,8,移动止盈
601616,601616_data,2019-02-15 00:00:00,2019-02-16,2019-03-06 00:00:00,8.652531645569619,16,移动止盈
600293,600293_data,2019-02-26 00:00:00,2019-02-27,2019-03-07 00:00:00,8.543805309734518,8,移动止盈
000923,000923_data,2019-02-12 00:00:00,2019-02-13,2019-02-27 00:00:00,8.4843373493976,14,移动止盈
002174,002174_data,2019-03-01 00:00:00,2019-03-02,2019-03-11 00:00:00,8.365051144666346,7,移动止盈
000933,000933_data,2019-02-26 00:00:00,2019-02-27,2019-03-06 00:00:00,8.202301255230111,7,移动止盈
600366,600366_data,2019-02-26 00:00:00,2019-02-27,2019-03-08 00:00:00,8.154983388704327,9,移动止盈
603169,603169_data,2019-02-19 00:00:00,2019-02-20,2019-02-26 00:00:00,8.124849094567418,6,移动止盈
000056,000056_data,2019-02-20 00:00:00,2019-02-21,2019-03-06 00:00:00,8.116926070038911,13,移动止盈
002939,002939_data,2019-02-14 00:00:00,2019-02-15,2019-02-22 00:00:00,8.115909090909092,7,移动止盈
002271,002271_data,2019-02-19 00:00:00,2019-02-20,2019-03-08 00:00:00,7.916060261512225,16,移动止盈
002229,002229_data,2019-02-14 00:00:00,2019-02-15,2019-02-27 00:00:00,7.908064516129045,12,移动止盈
002184,002184_data,2019-02-19 00:00:00,2019-02-20,2019-03-05 00:00:00,7.869653179190761,13,移动止盈
002289,002289_data,2019-02-14 00:00:00,2019-02-15,2019-02-20 00:00:00,7.840789473684214,5,移动止盈
600172,600172_data,2019-02-13 00:00:00,2019-02-14,2019-03-01 00:00:00,7.781506849315073,15,移动止盈
601068,601068_data,2019-02-26 00:00:00,2019-02-27,2019-03-04 00:00:00,7.731889763779533,5,移动止盈
002383,002383_data,2019-02-26 00:00:00,2019-02-27,2019-03-08 00:00:00,7.6231743666169915,9,移动止盈
002557,002557_data,2019-03-01 00:00:00,2019-03-02,2019-03-18 00:00:00,7.4951268357810505,14,移动止盈
002040,002040_data,2019-02-15 00:00:00,2019-02-16,2019-02-27 00:00:00,7.418762677484805,9,移动止盈
000070,000070_data,2019-02-12 00:00:00,2019-02-13,2019-02-21 00:00:00,7.058423114593528,8,移动止盈
000571,000571_data,2019-02-26 00:00:00,2019-02-27,2019-03-07 00:00:00,6.983333333333347,8,移动止盈
600105,600105_data,2019-02-18 00:00:00,2019-02-19,2019-02-26 00:00:00,6.983333333333336,7,移动止盈
000758,000758_data,2019-02-26 00:00:00,2019-02-27,2019-03-07 00:00:00,6.56368421052632,8,移动止盈
002840,002840_data,2019-02-12 00:00:00,2019-02-13,2019-02-25 00:00:00,6.5514084507042405,12,移动止盈
002145,002145_data,2019-02-26 00:00:00,2019-02-27,2019-03-07 00:00:00,6.488709677419351,8,移动止盈
603978,603978_data,2019-02-26 00:00:00,2019-02-27,2019-03-12 00:00:00,6.426367614879654,13,移动止盈
002692,002692_data,2019-02-19 00:00:00,2019-02-20,2019-02-27 00:00:00,6.15246305418722,7,移动止盈
600590,600590_data,2019-02-26 00:00:00,2019-02-27,2019-03-08 00:00:00,6.138188976377952,9,移动止盈
000526,000526_data,2019-02-19 00:00:00,2019-02-20,2019-02-25 00:00:00,6.131481481481474,5,移动止盈
600879,600879_data,2019-02-26 00:00:00,2019-02-27,2019-03-14 00:00:00,6.095121951219521,15,移动止盈
603386,603386_data,2019-02-14 00:00:00,2019-02-15,2019-02-20 00:00:00,6.032428940568472,5,移动止盈
002651,002651_data,2019-02-26 00:00:00,2019-02-27,2019-03-05 00:00:00,5.916401590457254,6,移动止盈
002467,002467_data,2019-02-26 00:00:00,2019-02-27,2019-03-05 00:00:00,5.863921901528022,6,移动止盈
002067,002067_data,2019-02-19 00:00:00,2019-02-20,2019-03-11 00:00:00,5.86138211382114,19,移动止盈
000592,000592_data,2019-02-25 00:00:00,2019-02-26,2019-03-06 00:00:00,5.859424083769635,8,移动止盈
603688,603688_data,2019-02-12 00:00:00,2019-02-13,2019-03-11 00:00:00,5.783524766690609,26,移动止盈
600894,600894_data,2019-02-20 00:00:00,2019-02-21,2019-03-08 00:00:00,5.635096870342787,15,移动止盈
000969,000969_data,2019-02-25 00:00:00,2019-02-26,2019-03-14 00:00:00,5.61290050590221,16,移动止盈
000558,000558_data,2019-02-25 00:00:00,2019-02-26,2019-03-08 00:00:00,5.531656804733736,10,移动止盈
002249,002249_data,2019-02-19 00:00:00,2019-02-20,2019-03-08 00:00:00,5.492592592592586,16,移动止盈
000936,000936_data,2019-02-25 00:00:00,2019-02-26,2019-03-05 00:00:00,5.426649746192899,7,移动止盈
000823,000823_data,2019-02-14 00:00:00,2019-02-15,2019-02-27 00:00:00,5.31630785791174,12,移动止盈
000751,000751_data,2019-02-26 00:00:00,2019-02-27,2019-03-07 00:00:00,5.3157824933687,8,移动止盈
000419,000419_data,2019-02-26 00:00:00,2019-02-27,2019-03-27 00:00:00,5.315271966527204,28,移动止盈
002908,002908_data,2019-02-19 00:00:00,2019-02-20,2019-03-06 00:00:00,5.290228097459829,14,移动止盈
000981,000981_data,2019-02-13 00:00:00,2019-02-14,2019-02-19 00:00:00,5.197945205479464,5,移动止盈
002933,002933_data,2019-02-26 00:00:00,2019-02-27,2019-03-08 00:00:00,5.195897644191718,9,移动止盈
000723,000723_data,2019-02-15 00:00:00,2019-02-16,2019-02-25 00:00:00,5.1851812366737695,7,移动止盈
603389,603389_data,2019-02-22 00:00:00,2019-02-23,2019-03-07 00:00:00,5.156196377502386,10,移动止盈
600316,600316_data,2019-02-22 00:00:00,2019-02-23,2019-03-05 00:00:00,5.034379785604905,8,移动止盈
002940,002940_data,2019-02-13 00:00:00,2019-02-14,2019-03-08 00:00:00,5.019288389513121,22,移动止盈
002609,002609_data,2019-02-13 00:00:00,2019-02-14,2019-02-20 00:00:00,4.922131147541,6,移动止盈
000728,000728_data,2019-02-14 00:00:00,2019-02-15,2019-02-22 00:00:00,4.872898903775892,7,移动止盈
600255,600255_data,2019-02-26 00:00:00,2019-02-27,2019-03-04 00:00:00,4.851793721973099,5,移动止盈
000750,000750_data,2019-02-11 00:00:00,2019-02-12,2019-02-22 00:00:00,4.846721311475419,10,移动止盈
000797,000797_data,2019-02-11 00:00:00,2019-02-12,2019-03-01 00:00:00,4.84311663479924,17,移动止盈
000897,000897_data,2019-02-26 00:00:00,2019-02-27,2019-03-05 00:00:00,4.842452830188677,6,移动止盈
000557,000557_data,2019-02-26 00:00:00,2019-02-27,2019-03-08 00:00:00,4.792857142857145,9,移动止盈
002897,002897_data,2019-02-26 00:00:00,2019-02-27,2019-03-04 00:00:00,4.676907807675333,5,移动止盈
002098,002098_data,2019-02-12 00:00:00,2019-02-13,2019-02-20 00:00:00,4.674719101123601,7,移动止盈
002479,002479_data,2019-02-26 00:00:00,2019-02-27,2019-03-26 00:00:00,4.615250965250984,27,移动止盈
000550,000550_data,2019-02-12 00:00:00,2019-02-13,2019-02-27 00:00:00,4.586632468316221,14,移动止盈
002796,002796_data,2019-02-14 00:00:00,2019-02-15,2019-02-21 00:00:00,4.533031301482692,6,移动止盈
600759,600759_data,2019-02-26 00:00:00,2019-02-27,2019-03-08 00:00:00,4.494155844155843,9,移动止盈
603803,603803_data,2019-02-12 00:00:00,2019-02-13,2019-02-27 00:00:00,4.458007279344854,14,移动止盈
600581,600581_data,2019-02-26 00:00:00,2019-02-27,2019-03-08 00:00:00,4.195454545454549,9,移动止盈
002611,002611_data,2019-02-26 00:00:00,2019-02-27,2019-03-06 00:00:00,4.070000000000001,7,移动止盈
002491,002491_data,2019-02-12 00:00:00,2019-02-13,2019-02-22 00:00:00,4.042694063926943,9,移动止盈
002579,002579_data,2019-02-12 00:00:00,2019-02-13,2019-02-19 00:00:00,3.964960629921256,6,移动止盈
000811,000811_data,2019-02-26 00:00:00,2019-02-27,2019-03-11 00:00:00,3.786807817589584,12,移动止盈
002721,002721_data,2019-02-26 00:00:00,2019-02-27,2019-03-08 00:00:00,3.732278481012658,9,移动止盈
600058,600058_data,2019-02-26 00:00:00,2019-02-27,2019-03-08 00:00:00,3.727220077220085,9,移动止盈
002116,002116_data,2019-02-20 00:00:00,2019-02-21,2019-02-26 00:00:00,3.7155737704918015,5,移动止盈
600707,600707_data,2019-03-04 00:00:00,2019-03-05,2019-03-11 00:00:00,3.400778816199378,6,移动止盈
002669,002669_data,2019-02-14 00:00:00,2019-02-15,2019-02-26 00:00:00,3.3325396825396854,11,移动止盈
000812,000812_data,2019-02-19 00:00:00,2019-02-20,2019-02-25 00:00:00,3.318292682926837,5,移动止盈
603790,603790_data,2019-02-26 00:00:00,2019-02-27,2019-03-07 00:00:00,3.3137010676156535,8,移动止盈
002926,002926_data,2019-02-14 00:00:00,2019-02-15,2019-02-22 00:00:00,3.21284153005465,7,移动止盈
000987,000987_data,2019-02-19 00:00:00,2019-02-20,2019-02-25 00:00:00,3.209709241952218,5,移动止盈
000837,000837_data,2019-02-26 00:00:00,2019-02-27,2019-03-08 00:00:00,3.17400835073069,9,移动止盈
002642,002642_data,2019-02-26 00:00:00,2019-02-27,2019-03-05 00:00:00,2.9434131736527047,6,移动止盈
601020,601020_data,2019-02-26 00:00:00,2019-02-27,2019-03-08 00:00:00,2.871601489757915,9,移动止盈
600109,600109_data,2019-02-14 00:00:00,2019-02-15,2019-02-22 00:00:00,2.827570093457947,7,移动止盈
002660,002660_data,2019-03-04 00:00:00,2019-03-05,2019-03-11 00:00:00,2.8131799163179902,6,移动止盈
002153,002153_data,2019-02-12 00:00:00,2019-02-13,2019-02-27 00:00:00,2.6399643897701535,14,移动止盈
000807,000807_data,2019-02-26 00:00:00,2019-02-27,2019-03-05 00:00:00,2.6261388286334055,6,移动止盈
600203,600203_data,2019-02-19 00:00:00,2019-02-20,2019-02-25 00:00:00,2.535496183206111,5,移动止盈
600119,600119_data,2019-02-19 00:00:00,2019-02-20,2019-02-25 00:00:00,2.456800618238042,5,移动止盈
000792,000792_data,2019-02-26 00:00:00,2019-02-27,2019-03-08 00:00:00,2.186312849162017,9,移动止盈
002342,002342_data,2019-02-26 00:00:00,2019-02-27,2019-03-05 00:00:00,2.164285714285714,6,移动止盈
600169,600169_data,2019-02-26 00:00:00,2019-02-27,2019-03-07 00:00:00,2.1115384615384576,8,移动止盈
002189,002189_data,2019-02-11 00:00:00,2019-02-12,2019-02-22 00:00:00,1.9540000000000068,10,移动止盈
600310,600310_data,2019-02-11 00:00:00,2019-02-12,2019-02-22 00:00:00,1.8975247524752639,10,移动止盈
603500,603500_data,2019-02-19 00:00:00,2019-02-20,2019-03-08 00:00:00,1.847044334975368,16,移动止盈
603912,603912_data,2019-02-13 00:00:00,2019-02-14,2019-02-20 00:00:00,1.7860985093972732,6,移动止盈
603616,603616_data,2019-02-26 00:00:00,2019-02-27,2019-03-08 00:00:00,1.7849274124679761,9,移动止盈
002239,002239_data,2019-02-26 00:00:00,2019-02-27,2019-03-05 00:00:00,1.5071428571428642,6,移动止盈
002276,002276_data,2019-02-26 00:00:00,2019-02-27,2019-03-08 00:00:00,1.3059766763848384,9,移动止盈
002756,002756_data,2019-02-15 00:00:00,2019-02-16,2019-02-26 00:00:00,1.2729180546302394,8,移动止盈
002103,002103_data,2019-02-19 00:00:00,2019-02-20,2019-02-27 00:00:00,1.2211252653927969,7,移动止盈
002493,002493_data,2019-04-02 00:00:00,2019-04-03,2019-04-09 00:00:00,1.1626536514822916,6,移动止盈
000963,000963_data,2019-02-11 00:00:00,2019-02-12,2019-02-20 00:00:00,1.1322475008617707,8,移动止盈
002023,002023_data,2019-02-19 00:00:00,2019-02-20,2019-03-01 00:00:00,1.1193877551020524,9,移动止盈
000957,000957_data,2019-02-13 00:00:00,2019-02-14,2019-02-20 00:00:00,1.0625412541254182,6,移动止盈
600478,600478_data,2019-02-26 00:00:00,2019-02-27,2019-03-08 00:00:00,0.9410891089108897,9,移动止盈
600985,600985_data,2019-02-25 00:00:00,2019-02-26,2019-03-08 00:00:00,0.7785591026747257,10,移动止盈
600698,600698_data,2019-02-26 00:00:00,2019-02-27,2019-03-06 00:00:00,0.37992700729927603,7,移动止盈
002277,002277_data,2019-02-26 00:00:00,2019-02-27,2019-03-27 00:00:00,0.3558823529411782,28,移动止盈
002457,002457_data,2019-02-26 00:00:00,2019-02-27,2019-03-08 00:00:00,0.20328798185940988,9,移动止盈
600107,600107_data,2019-02-25 00:00:00,2019-02-26,2019-03-05 00:00:00,0.08927648578811119,7,移动止盈
600231,600231_data,2019-02-26 00:00:00,2019-02-27,2019-03-08 00:00:00,0.06463414634147192,9,移动止盈
002837,002837_data,2019-02-11 00:00:00,2019-02-12,2019-02-21 00:00:00,-0.18870967741934874,9,移动止盈
601992,601992_data,2019-02-26 00:00:00,2019-02-27,2019-03-08 00:00:00,-0.1981012658227903,9,移动止盈
002848,002848_data,2019-02-12 00:00:00,2019-02-13,2019-02-21 00:00:00,-0.2729122055674413,8,移动止盈
002167,002167_data,2019-03-05 00:00:00,2019-03-06,2019-03-11 00:00:00,-0.37587322121603856,5,移动止盈
002354,002354_data,2019-02-26 00:00:00,2019-02-27,2019-03-04 00:00:00,-0.4397196261682145,5,移动止盈
600356,600356_data,2019-02-21 00:00:00,2019-02-22,2019-03-06 00:00:00,-0.7559539918809116,12,移动止盈
002326,002326_data,2019-02-13 00:00:00,2019-02-14,2019-03-08 00:00:00,-0.7851107756515476,22,移动止盈
600775,600775_data,2019-02-12 00:00:00,2019-02-13,2019-02-20 00:00:00,-0.9112366230677781,7,移动止盈
600512,600512_data,2019-02-26 00:00:00,2019-02-27,2019-03-08 00:00:00,-0.9513986013985972,9,移动止盈
000498,000498_data,2019-02-26 00:00:00,2019-02-27,2019-03-08 00:00:00,-1.1071189279731903,9,移动止盈
600686,600686_data,2019-02-26 00:00:00,2019-02-27,2019-03-08 00:00:00,-1.1343137254901916,9,移动止盈
002545,002545_data,2019-02-25 00:00:00,2019-02-26,2019-03-08 00:00:00,-1.216310160427807,10,移动止盈
002032,002032_data,2019-02-26 00:00:00,2019-02-27,2019-03-08 00:00:00,-1.2678035497704938,9,移动止盈
600874,600874_data,2019-02-26 00:00:00,2019-02-27,2019-03-08 00:00:00,-1.2807359307359338,9,移动止盈
002518,002518_data,2019-02-26 00:00:00,2019-02-27,2019-03-04 00:00:00,-1.3001915708812235,5,移动止盈
002576,002576_data,2019-02-26 00:00:00,2019-02-27,2019-03-08 00:00:00,-1.3330508474576392,9,移动止盈
603609,603609_data,2019-03-04 00:00:00,2019-03-05,2019-03-11 00:00:00,-1.4096491228070254,6,移动止盈
603680,603680_data,2019-02-26 00:00:00,2019-02-27,2019-03-08 00:00:00,-1.490828402366854,9,移动止盈
002130,002130_data,2019-02-25 00:00:00,2019-02-26,2019-03-04 00:00:00,-1.5665898617511411,6,移动止盈
603828,603828_data,2019-02-26 00:00:00,2019-02-27,2019-03-04 00:00:00,-1.847890295358644,5,移动止盈
000609,000609_data,2019-02-25 00:00:00,2019-02-26,2019-03-08 00:00:00,-1.9099999999999913,10,移动止盈
002063,002063_data,2019-02-25 00:00:00,2019-02-26,2019-03-05 00:00:00,-2.089975698663429,7,移动止盈
000058,000058_data,2019-02-25 00:00:00,2019-02-26,2019-03-05 00:00:00,-2.5999999999999965,7,移动止盈
002313,002313_data,2019-02-22 00:00:00,2019-02-23,2019-03-05 00:00:00,-2.6359375000000016,8,移动止盈
603903,603903_data,2019-02-26 00:00:00,2019-02-27,2019-03-14 00:00:00,-2.6853711790392887,15,移动止盈
002453,002453_data,2019-02-26 00:00:00,2019-02-27,2019-03-07 00:00:00,-2.821494607087829,8,移动止盈
002329,002329_data,2019-02-26 00:00:00,2019-02-27,2019-03-14 00:00:00,-2.838479262672803,15,移动止盈
600210,600210_data,2019-02-25 00:00:00,2019-02-26,2019-03-05 00:00:00,-2.8637614678899164,7,移动止盈
002577,002577_data,2019-02-14 00:00:00,2019-02-15,2019-02-20 00:00:00,-2.956896551724142,5,移动止盈
601179,601179_data,2019-02-26 00:00:00,2019-02-27,2019-03-08 00:00:00,-3.0928571428571368,9,移动止盈
601002,601002_data,2019-02-26 00:00:00,2019-02-27,2019-03-08 00:00:00,-3.205105455143849,9,移动止盈
600495,600495_data,2019-02-26 00:00:00,2019-02-27,2019-03-04 00:00:00,-3.219888475836429,5,移动止盈
002238,002238_data,2019-02-21 00:00:00,2019-02-22,2019-02-27 00:00:00,-3.483501259445857,5,移动止盈
002227,002227_data,2019-02-13 00:00:00,2019-02-14,2019-02-21 00:00:00,-3.938050314465412,7,移动止盈
603538,603538_data,2019-02-12 00:00:00,2019-02-13,2019-02-21 00:00:00,-4.068811881188105,8,移动止盈
002429,002429_data,2019-02-19 00:00:00,2019-02-20,2019-02-25 00:00:00,-4.245910780669146,5,移动止盈
000055,000055_data,2019-02-25 00:00:00,2019-02-26,2019-03-11 00:00:00,-4.625862068965512,13,移动止盈
002127,002127_data,2019-02-25 00:00:00,2019-02-26,2019-03-08 00:00:00,-4.676833797585881,10,移动止盈
600909,600909_data,2019-02-25 00:00:00,2019-02-26,2019-03-04 00:00:00,-5.117203513909219,6,移动止盈
603618,603618_data,2019-02-22 00:00:00,2019-02-23,2019-03-08 00:00:00,-5.2151851851851765,11,移动止盈
002797,002797_data,2019-02-25 00:00:00,2019-02-26,2019-03-04 00:00:00,-5.217591424968476,6,移动止盈
002051,002051_data,2019-03-18 00:00:00,2019-03-19,2019-03-26 00:00:00,-6.3925531914893625,7,移动止盈
601375,601375_data,2019-02-25 00:00:00,2019-02-26,2019-03-04 00:00:00,-6.568602155782085,6,移动止盈
603999,603999_data,2019-02-25 00:00:00,2019-02-26,2019-03-04 00:00:00,-8.349999999999989,6,移动止盈
000783,000783_data,2019-02-25 00:00:00,2019-02-26,2019-03-04 00:00:00,-8.349999999999998,6,移动止盈
