stock_code,stock_name,buy_date,sell_date,buy_price,sell_price,profit_pct,hold_days,exit_reason,retrace_date,surge_date,support_level,buy_year
603616,603616_data,2019-02-27 00:00:00,2019-03-08 00:00:00,11.71,11.96,1.7849274124679761,9,移动止盈,2019-02-26 00:00:00,2019-02-25 00:00:00,11.08,2019
002493,002493_data,2019-04-03 00:00:00,2019-04-09 00:00:00,13.83,14.039200000000001,1.1626536514822916,6,移动止盈,2019-04-02 00:00:00,2019-04-01 00:00:00,12.74,2019
000506,000506_data,2019-02-27 00:00:00,2019-03-07 00:00:00,3.3,3.6708000000000003,10.886363636363651,8,移动止盈,2019-02-26 00:00:00,2019-02-25 00:00:00,3.07,2019
600590,600590_data,2019-02-27 00:00:00,2019-03-08 00:00:00,6.35,6.762,6.138188976377952,9,移动止盈,2019-02-26 00:00:00,2019-02-25 00:00:00,6.16,2019
603439,603439_data,2020-06-12 00:00:00,2020-06-17 00:00:00,33.76,40.434000000000005,19.418957345971585,5,移动止盈,2020-06-11 00:00:00,2020-06-10 00:00:00,27.88,2020
600231,600231_data,2019-02-27 00:00:00,2019-03-08 00:00:00,3.28,3.2936,0.06463414634147192,9,移动止盈,2019-02-26 00:00:00,2019-02-25 00:00:00,2.98,2019
000728,000728_data,2019-02-15 00:00:00,2019-02-22 00:00:00,8.21,8.638800000000002,4.872898903775892,7,移动止盈,2019-02-14 00:00:00,2019-02-13 00:00:00,7.82,2019
603081,603081_data,2019-02-21 00:00:00,2019-03-01 00:00:00,13.19,14.996,13.342191053828664,8,移动止盈,2019-02-20 00:00:00,2019-02-19 00:00:00,12.02,2019
002063,002063_data,2019-02-26 00:00:00,2019-03-05 00:00:00,8.23,8.0868,-2.089975698663429,7,移动止盈,2019-02-25 00:00:00,2019-02-22 00:00:00,7.28,2019
601187,601187_data,2020-12-01 00:00:00,2020-12-07 00:00:00,11.81,14.241600000000002,20.239331075359875,6,移动止盈,2020-11-30 00:00:00,2020-11-27 00:00:00,10.27,2020
600689,600689_data,2019-02-18 00:00:00,2019-02-28 00:00:00,10.05,11.0492,9.59228855721393,10,移动止盈,2019-02-15 00:00:00,2019-02-14 00:00:00,8.91,2019
002611,002611_data,2019-02-27 00:00:00,2019-03-06 00:00:00,4.0,4.1768,4.070000000000001,7,移动止盈,2019-02-26 00:00:00,2019-02-25 00:00:00,3.77,2019
000571,000571_data,2019-02-27 00:00:00,2019-03-07 00:00:00,3.3,3.5420000000000003,6.983333333333347,8,移动止盈,2019-02-26 00:00:00,2019-02-25 00:00:00,3.07,2019
000723,000723_data,2019-02-18 00:00:00,2019-02-25 00:00:00,4.69,4.9496,5.1851812366737695,7,移动止盈,2019-02-15 00:00:00,2019-02-14 00:00:00,4.3,2019
002116,002116_data,2019-02-21 00:00:00,2019-02-26 00:00:00,9.15,9.522,3.7155737704918015,5,移动止盈,2019-02-20 00:00:00,2019-02-19 00:00:00,8.29,2019
605008,605008_data,2020-10-13 00:00:00,2020-10-22 00:00:00,19.99,20.7,3.2017758879439766,9,移动止盈,2020-10-12 00:00:00,2020-10-09 00:00:00,16.52,2020
002184,002184_data,2019-02-20 00:00:00,2019-03-05 00:00:00,10.38,11.233200000000002,7.869653179190761,13,移动止盈,2019-02-19 00:00:00,2019-02-18 00:00:00,9.26,2019
002840,002840_data,2019-02-13 00:00:00,2019-02-25 00:00:00,14.2,15.180000000000001,6.5514084507042405,12,移动止盈,2019-02-12 00:00:00,2019-02-11 00:00:00,13.36,2019
000058,000058_data,2019-02-26 00:00:00,2019-03-05 00:00:00,8.0,7.82,-2.5999999999999965,7,移动止盈,2019-02-25 00:00:00,2019-02-22 00:00:00,6.39,2019
000807,000807_data,2019-02-27 00:00:00,2019-03-05 00:00:00,4.61,4.7472,2.6261388286334055,6,移动止盈,2019-02-26 00:00:00,2019-02-25 00:00:00,4.16,2019
000151,000151_data,2019-02-27 00:00:00,2019-03-04 00:00:00,12.15,13.432,10.201440329218107,5,移动止盈,2019-02-26 00:00:00,2019-02-25 00:00:00,11.42,2019
000686,000686_data,2019-02-20 00:00:00,2019-02-27 00:00:00,7.62,8.924,16.762860892388442,7,移动止盈,2019-02-19 00:00:00,2019-02-18 00:00:00,7.23,2019
002977,002977_data,2020-05-11 00:00:00,2020-05-19 00:00:00,80.81,89.1296,9.945260487563413,8,移动止盈,2020-05-08 00:00:00,2020-05-07 00:00:00,72.61,2020
603236,603236_data,2019-09-02 00:00:00,2019-09-09 00:00:00,143.1,168.3324,17.282704402515733,7,移动止盈,2019-08-30 00:00:00,2019-08-29 00:00:00,127.25,2019
600874,600874_data,2019-02-27 00:00:00,2019-03-08 00:00:00,9.24,9.154,-1.2807359307359338,9,移动止盈,2019-02-26 00:00:00,2019-02-25 00:00:00,8.6,2019
002161,002161_data,2019-02-20 00:00:00,2019-03-06 00:00:00,5.92,6.946,16.98108108108108,14,移动止盈,2019-02-19 00:00:00,2019-02-18 00:00:00,5.63,2019
603111,603111_data,2019-03-05 00:00:00,2019-03-11 00:00:00,5.1,5.8328,14.018627450980395,6,移动止盈,2019-03-04 00:00:00,2019-03-01 00:00:00,4.85,2019
002837,002837_data,2019-02-12 00:00:00,2019-02-21 00:00:00,18.6,18.630000000000003,-0.18870967741934874,9,移动止盈,2019-02-11 00:00:00,2019-02-01 00:00:00,16.61,2019
002955,002955_data,2019-07-03 00:00:00,2019-07-08 00:00:00,64.0,60.6832,-5.5325000000000015,5,移动止盈,2019-07-02 00:00:00,2019-07-01 00:00:00,59.86,2019
603072,603072_data,2025-03-03 00:00:00,2025-03-11 00:00:00,38.44,38.1892,-1.002445369406863,8,移动止盈,2025-02-28 00:00:00,2025-02-27 00:00:00,35.81,2025
600985,600985_data,2019-02-26 00:00:00,2019-03-08 00:00:00,11.59,11.7208,0.7785591026747257,10,移动止盈,2019-02-25 00:00:00,2019-02-22 00:00:00,10.37,2019
000558,000558_data,2019-02-26 00:00:00,2019-03-08 00:00:00,3.38,3.5788,5.531656804733736,10,移动止盈,2019-02-25 00:00:00,2019-02-22 00:00:00,3.12,2019
002557,002557_data,2019-03-04 00:00:00,2019-03-18 00:00:00,22.47,24.2328,7.4951268357810505,14,移动止盈,2019-03-01 00:00:00,2019-02-28 00:00:00,21.23,2019
000510,000510_data,2019-02-15 00:00:00,2019-02-25 00:00:00,4.36,4.774800000000001,9.16376146788992,10,移动止盈,2019-02-14 00:00:00,2019-02-13 00:00:00,4.18,2019
002886,002886_data,2019-02-15 00:00:00,2019-02-20 00:00:00,16.08,19.182000000000002,18.94104477611943,5,移动止盈,2019-02-14 00:00:00,2019-02-13 00:00:00,15.23,2019
002670,002670_data,2019-02-26 00:00:00,2019-03-05 00:00:00,12.4,13.5608,9.011290322580646,7,移动止盈,2019-02-25 00:00:00,2019-02-22 00:00:00,9.99,2019
000981,000981_data,2019-02-14 00:00:00,2019-02-19 00:00:00,2.92,3.0820000000000003,5.197945205479464,5,移动止盈,2019-02-13 00:00:00,2019-02-12 00:00:00,2.76,2019
600856,600856_data,2019-02-14 00:00:00,2019-02-22 00:00:00,3.72,3.7904000000000004,1.5424731182795761,8,移动止盈,2019-02-13 00:00:00,2019-02-12 00:00:00,3.46,2019
002143,002143_data,2019-02-26 00:00:00,2019-03-05 00:00:00,3.5,3.6064000000000003,2.6900000000000075,7,移动止盈,2019-02-25 00:00:00,2019-02-22 00:00:00,3.04,2019
000045,000045_data,2019-02-27 00:00:00,2019-03-07 00:00:00,6.74,7.36,8.848813056379823,8,移动止盈,2019-02-26 00:00:00,2019-02-25 00:00:00,6.56,2019
000419,000419_data,2019-02-27 00:00:00,2019-03-27 00:00:00,4.78,5.050800000000001,5.315271966527204,28,移动止盈,2019-02-26 00:00:00,2019-02-25 00:00:00,4.57,2019
603133,603133_data,2019-02-14 00:00:00,2019-02-22 00:00:00,17.45,17.94,2.4580229226361148,8,移动止盈,2019-02-13 00:00:00,2019-02-12 00:00:00,15.53,2019
600366,600366_data,2019-02-27 00:00:00,2019-03-08 00:00:00,6.02,6.532,8.154983388704327,9,移动止盈,2019-02-26 00:00:00,2019-02-25 00:00:00,5.72,2019
000609,000609_data,2019-02-26 00:00:00,2019-03-08 00:00:00,6.0,5.9064000000000005,-1.9099999999999913,10,移动止盈,2019-02-25 00:00:00,2019-02-22 00:00:00,5.28,2019
002862,002862_data,2019-02-20 00:00:00,2019-02-25 00:00:00,23.68,26.220000000000002,10.376351351351362,5,移动止盈,2019-02-19 00:00:00,2019-02-18 00:00:00,19.13,2019
000792,000792_data,2019-02-27 00:00:00,2019-03-08 00:00:00,7.16,7.341600000000001,2.186312849162017,9,移动止盈,2019-02-26 00:00:00,2019-02-25 00:00:00,6.68,2019
600310,600310_data,2019-02-12 00:00:00,2019-02-22 00:00:00,4.04,4.130800000000001,1.8975247524752639,10,移动止盈,2019-02-11 00:00:00,2019-02-01 00:00:00,3.73,2019
601099,601099_data,2019-02-20 00:00:00,2019-02-26 00:00:00,2.88,3.5512,22.955555555555566,6,移动止盈,2019-02-19 00:00:00,2019-02-18 00:00:00,2.73,2019
001328,001328_data,2023-05-23 00:00:00,2023-05-29 00:00:00,39.21,36.836800000000004,-6.402537617954596,6,移动止盈,2023-05-22 00:00:00,2023-05-19 00:00:00,33.81,2023
603005,603005_data,2019-02-15 00:00:00,2019-02-20 00:00:00,16.28,18.1884,11.372358722358724,5,移动止盈,2019-02-14 00:00:00,2019-02-13 00:00:00,15.62,2019
002429,002429_data,2019-02-20 00:00:00,2019-02-25 00:00:00,2.69,2.5852,-4.245910780669146,5,移动止盈,2019-02-19 00:00:00,2019-02-18 00:00:00,2.2,2019
002227,002227_data,2019-02-14 00:00:00,2019-02-21 00:00:00,12.72,12.2636,-3.938050314465412,7,移动止盈,2019-02-13 00:00:00,2019-02-12 00:00:00,10.75,2019
002040,002040_data,2019-02-18 00:00:00,2019-02-27 00:00:00,9.86,10.626000000000001,7.418762677484805,9,移动止盈,2019-02-15 00:00:00,2019-02-14 00:00:00,8.1,2019
603790,603790_data,2019-02-27 00:00:00,2019-03-07 00:00:00,22.48,23.3036,3.3137010676156535,8,移动止盈,2019-02-26 00:00:00,2019-02-25 00:00:00,21.6,2019
002985,002985_data,2020-06-24 00:00:00,2020-06-30 00:00:00,112.01,114.5124,1.8840862422997897,6,移动止盈,2020-06-23 00:00:00,2020-06-22 00:00:00,97.5,2020
000811,000811_data,2019-02-27 00:00:00,2019-03-11 00:00:00,6.14,6.394,3.786807817589584,12,移动止盈,2019-02-26 00:00:00,2019-02-25 00:00:00,5.9,2019
000811,000811_data,2019-06-13 00:00:00,2019-06-26 00:00:00,8.35,8.74,4.320658682634737,13,移动止盈,2019-06-12 00:00:00,2019-06-11 00:00:00,8.01,2019
605338,605338_data,2020-11-18 00:00:00,2020-11-23 00:00:00,54.07,51.317600000000006,-5.440438320695385,5,移动止盈,2020-11-17 00:00:00,2020-11-16 00:00:00,45.98,2020
002192,002192_data,2019-02-21 00:00:00,2019-02-27 00:00:00,24.34,30.3416,24.30735414954807,6,移动止盈,2019-02-20 00:00:00,2019-02-19 00:00:00,21.62,2019
600416,600416_data,2019-02-20 00:00:00,2019-02-27 00:00:00,6.11,6.734400000000001,9.869312602291332,7,移动止盈,2019-02-19 00:00:00,2019-02-18 00:00:00,5.72,2019
002856,002856_data,2019-02-19 00:00:00,2019-03-08 00:00:00,21.15,23.4508,10.528486997635946,17,移动止盈,2019-02-18 00:00:00,2019-02-15 00:00:00,19.58,2019
605117,605117_data,2021-05-31 00:00:00,2021-06-07 00:00:00,77.88,74.382,-4.841525423728802,7,移动止盈,2021-05-28 00:00:00,2021-05-27 00:00:00,69.1,2021
002454,002454_data,2019-02-15 00:00:00,2019-03-08 00:00:00,4.65,5.106,9.456451612903214,21,移动止盈,2019-02-14 00:00:00,2019-02-13 00:00:00,4.41,2019
002100,002100_data,2019-02-13 00:00:00,2019-02-22 00:00:00,5.93,6.7896,14.145784148397983,9,移动止盈,2019-02-12 00:00:00,2019-02-11 00:00:00,5.02,2019
002383,002383_data,2019-02-27 00:00:00,2019-03-08 00:00:00,13.42,14.49,7.6231743666169915,9,移动止盈,2019-02-26 00:00:00,2019-02-25 00:00:00,13.17,2019
603106,603106_data,2019-04-02 00:00:00,2019-04-08 00:00:00,14.4,13.938,-3.5583333333333322,6,移动止盈,2019-04-01 00:00:00,2019-03-29 00:00:00,12.38,2019
603194,603194_data,2025-02-11 00:00:00,2025-02-28 00:00:00,37.1,37.6924,1.2467654986522851,17,移动止盈,2025-02-10 00:00:00,2025-02-07 00:00:00,34.88,2025
000070,000070_data,2019-02-13 00:00:00,2019-02-21 00:00:00,10.21,10.9664,7.058423114593528,8,移动止盈,2019-02-12 00:00:00,2019-02-11 00:00:00,9.36,2019
002796,002796_data,2019-02-15 00:00:00,2019-02-21 00:00:00,42.49,44.5648,4.533031301482692,6,移动止盈,2019-02-14 00:00:00,2019-02-13 00:00:00,40.1,2019
002797,002797_data,2019-02-26 00:00:00,2019-03-04 00:00:00,7.93,7.544,-5.217591424968476,6,移动止盈,2019-02-25 00:00:00,2019-02-22 00:00:00,6.34,2019
600581,600581_data,2019-02-27 00:00:00,2019-03-08 00:00:00,4.4,4.6000000000000005,4.195454545454549,9,移动止盈,2019-02-26 00:00:00,2019-02-25 00:00:00,4.02,2019
600220,600220_data,2019-02-27 00:00:00,2019-03-08 00:00:00,2.67,2.9164,8.878464419475653,9,移动止盈,2019-02-26 00:00:00,2019-02-25 00:00:00,2.51,2019
603389,603389_data,2019-02-25 00:00:00,2019-03-07 00:00:00,10.49,11.0676,5.156196377502386,10,移动止盈,2019-02-22 00:00:00,2019-02-21 00:00:00,9.18,2019
600775,600775_data,2019-02-13 00:00:00,2019-02-20 00:00:00,8.41,8.3628,-0.9112366230677781,7,移动止盈,2019-02-12 00:00:00,2019-02-11 00:00:00,7.46,2019
600512,600512_data,2019-02-27 00:00:00,2019-03-08 00:00:00,2.86,2.8428,-0.9513986013985972,9,移动止盈,2019-02-26 00:00:00,2019-02-25 00:00:00,2.47,2019
002518,002518_data,2019-02-27 00:00:00,2019-03-04 00:00:00,10.44,10.3408,-1.3001915708812235,5,移动止盈,2019-02-26 00:00:00,2019-02-25 00:00:00,9.01,2019
601700,601700_data,2019-02-18 00:00:00,2019-02-26 00:00:00,6.5549,10.699600000000002,62.88056034417004,8,移动止盈,2019-02-15 00:00:00,2019-02-14 00:00:00,5.15,2019
001382,001382_data,2025-05-08 00:00:00,2025-05-23 00:00:00,22.15,22.521600000000003,1.3276523702031802,15,移动止盈,2025-05-07 00:00:00,2025-05-06 00:00:00,21.45,2025
600107,600107_data,2019-02-26 00:00:00,2019-03-05 00:00:00,7.74,7.774,0.08927648578811119,7,移动止盈,2019-02-25 00:00:00,2019-02-22 00:00:00,6.67,2019
000987,000987_data,2019-02-20 00:00:00,2019-02-25 00:00:00,9.63,9.9728,3.209709241952218,5,移动止盈,2019-02-19 00:00:00,2019-02-18 00:00:00,8.38,2019
000517,000517_data,2019-02-27 00:00:00,2019-03-04 00:00:00,2.7,3.0176,11.41296296296295,5,移动止盈,2019-02-26 00:00:00,2019-02-25 00:00:00,2.52,2019
002145,002145_data,2019-02-27 00:00:00,2019-03-07 00:00:00,4.03,4.3056,6.488709677419351,8,移动止盈,2019-02-26 00:00:00,2019-02-25 00:00:00,3.85,2019
600425,600425_data,2019-02-27 00:00:00,2019-03-05 00:00:00,3.6,4.5264,25.383333333333326,6,移动止盈,2019-02-26 00:00:00,2019-02-25 00:00:00,3.29,2019
002692,002692_data,2019-02-20 00:00:00,2019-02-27 00:00:00,4.06,4.324000000000001,6.15246305418722,7,移动止盈,2019-02-19 00:00:00,2019-02-18 00:00:00,3.82,2019
000963,000963_data,2019-02-12 00:00:00,2019-02-20 00:00:00,29.01,29.44,1.1322475008617707,8,移动止盈,2019-02-11 00:00:00,2019-02-01 00:00:00,26.44,2019
600316,600316_data,2019-02-25 00:00:00,2019-03-05 00:00:00,13.06,13.763200000000001,5.034379785604905,8,移动止盈,2019-02-22 00:00:00,2019-02-21 00:00:00,12.11,2019
002467,002467_data,2019-02-27 00:00:00,2019-03-05 00:00:00,5.89,6.256,5.863921901528022,6,移动止盈,2019-02-26 00:00:00,2019-02-25 00:00:00,5.65,2019
002354,002354_data,2019-02-27 00:00:00,2019-03-04 00:00:00,5.35,5.3452,-0.4397196261682145,5,移动止盈,2019-02-26 00:00:00,2019-02-25 00:00:00,4.93,2019
002214,002214_data,2019-02-15 00:00:00,2019-03-08 00:00:00,6.5,7.6175999999999995,16.843846153846144,21,移动止盈,2019-02-14 00:00:00,2019-02-13 00:00:00,6.18,2019
600139,600139_data,2019-02-27 00:00:00,2019-03-07 00:00:00,3.93,4.3056,9.207251908396945,8,移动止盈,2019-02-26 00:00:00,2019-02-25 00:00:00,3.78,2019
000823,000823_data,2019-02-15 00:00:00,2019-02-27 00:00:00,9.29,9.8164,5.31630785791174,12,移动止盈,2019-02-14 00:00:00,2019-02-13 00:00:00,8.85,2019
600698,600698_data,2019-02-27 00:00:00,2019-03-06 00:00:00,4.11,4.140000000000001,0.37992700729927603,7,移动止盈,2019-02-26 00:00:00,2019-02-25 00:00:00,3.87,2019
600703,600703_data,2019-02-12 00:00:00,2019-02-18 00:00:00,10.92,12.0336,9.847802197802197,6,移动止盈,2019-02-11 00:00:00,2019-02-01 00:00:00,9.81,2019
002329,002329_data,2019-02-27 00:00:00,2019-03-14 00:00:00,4.34,4.232,-2.838479262672803,15,移动止盈,2019-02-26 00:00:00,2019-02-25 00:00:00,3.68,2019
600550,600550_data,2019-02-27 00:00:00,2019-03-08 00:00:00,4.33,4.8116,10.772401847575063,9,移动止盈,2019-02-26 00:00:00,2019-02-25 00:00:00,4.14,2019
002488,002488_data,2019-02-27 00:00:00,2019-03-08 00:00:00,7.86,11.5828,47.01386768447837,9,移动止盈,2019-02-26 00:00:00,2019-02-25 00:00:00,7.15,2019
601179,601179_data,2019-02-27 00:00:00,2019-03-08 00:00:00,4.2,4.0848,-3.0928571428571368,9,移动止盈,2019-02-26 00:00:00,2019-02-25 00:00:00,3.9,2019
002453,002453_data,2019-02-27 00:00:00,2019-03-07 00:00:00,6.49,6.3296,-2.821494607087829,8,移动止盈,2019-02-26 00:00:00,2019-02-25 00:00:00,5.69,2019
002194,002194_data,2019-02-20 00:00:00,2019-02-26 00:00:00,8.76,10.2764,16.960502283105033,6,移动止盈,2019-02-19 00:00:00,2019-02-18 00:00:00,8.32,2019
600677,600677_data,2019-02-13 00:00:00,2019-02-21 00:00:00,12.18,13.873600000000001,13.55476190476192,8,移动止盈,2019-02-12 00:00:00,2019-02-11 00:00:00,11.54,2019
603929,603929_data,2019-02-18 00:00:00,2019-03-08 00:00:00,16.27,18.114800000000002,10.988660110633084,18,移动止盈,2019-02-15 00:00:00,2019-02-14 00:00:00,14.6,2019
000957,000957_data,2019-02-14 00:00:00,2019-02-20 00:00:00,6.06,6.1456,1.0625412541254182,6,移动止盈,2019-02-13 00:00:00,2019-02-12 00:00:00,5.82,2019
002642,002642_data,2019-02-27 00:00:00,2019-03-05 00:00:00,6.68,6.9,2.9434131736527047,6,移动止盈,2019-02-26 00:00:00,2019-02-25 00:00:00,6.16,2019
600864,600864_data,2019-02-20 00:00:00,2019-02-26 00:00:00,4.89,6.026,22.88108384458078,6,移动止盈,2019-02-19 00:00:00,2019-02-18 00:00:00,4.54,2019
600072,600072_data,2019-02-27 00:00:00,2019-03-04 00:00:00,8.82,9.9084,11.990136054421768,5,移动止盈,2019-02-26 00:00:00,2019-02-25 00:00:00,8.42,2019
000969,000969_data,2019-02-26 00:00:00,2019-03-14 00:00:00,5.93,6.283600000000001,5.61290050590221,16,移动止盈,2019-02-25 00:00:00,2019-02-22 00:00:00,5.38,2019
002897,002897_data,2019-02-27 00:00:00,2019-03-04 00:00:00,22.67,23.8096,4.676907807675333,5,移动止盈,2019-02-26 00:00:00,2019-02-25 00:00:00,20.68,2019
002660,002660_data,2019-03-05 00:00:00,2019-03-11 00:00:00,7.17,7.3968,2.8131799163179902,6,移动止盈,2019-03-04 00:00:00,2019-03-01 00:00:00,6.77,2019
002153,002153_data,2019-02-13 00:00:00,2019-02-27 00:00:00,30.89,31.8136,2.6399643897701535,14,移动止盈,2019-02-12 00:00:00,2019-02-11 00:00:00,28.12,2019
000055,000055_data,2019-02-26 00:00:00,2019-03-11 00:00:00,6.67,6.3848,-4.625862068965512,13,移动止盈,2019-02-25 00:00:00,2019-02-22 00:00:00,5.85,2019
000592,000592_data,2019-02-26 00:00:00,2019-03-06 00:00:00,3.82,4.0572,5.859424083769635,8,移动止盈,2019-02-25 00:00:00,2019-02-22 00:00:00,3.43,2019
603063,603063_data,2019-02-13 00:00:00,2019-02-19 00:00:00,8.0,8.7584,9.129999999999999,6,移动止盈,2019-02-12 00:00:00,2019-02-11 00:00:00,6.67,2019
600906,600906_data,2021-06-22 00:00:00,2021-06-28 00:00:00,16.8973,17.3052,2.063995135317464,6,移动止盈,2021-06-21 00:00:00,2021-06-18 00:00:00,14.71,2021
002721,002721_data,2019-02-27 00:00:00,2019-03-08 00:00:00,6.32,6.578,3.732278481012658,9,移动止盈,2019-02-26 00:00:00,2019-02-25 00:00:00,6.06,2019
605005,605005_data,2021-04-21 00:00:00,2021-04-26 00:00:00,21.59,20.497600000000002,-5.409749884205641,5,移动止盈,2021-04-20 00:00:00,2021-04-19 00:00:00,18.79,2021
002189,002189_data,2019-02-12 00:00:00,2019-02-22 00:00:00,15.0,15.345600000000001,1.9540000000000068,10,移动止盈,2019-02-11 00:00:00,2019-02-01 00:00:00,12.95,2019
002933,002933_data,2019-02-27 00:00:00,2019-03-08 00:00:00,49.24,51.970800000000004,5.195897644191718,9,移动止盈,2019-02-26 00:00:00,2019-02-25 00:00:00,45.6,2019
600879,600879_data,2019-02-27 00:00:00,2019-03-14 00:00:00,6.56,6.9828,6.095121951219521,15,移动止盈,2019-02-26 00:00:00,2019-02-25 00:00:00,6.34,2019
000758,000758_data,2019-02-27 00:00:00,2019-03-07 00:00:00,4.75,5.0784,6.56368421052632,8,移动止盈,2019-02-26 00:00:00,2019-02-25 00:00:00,4.2,2019
601375,601375_data,2019-02-26 00:00:00,2019-03-04 00:00:00,6.1509,5.7684,-6.568602155782085,6,移动止盈,2019-02-25 00:00:00,2019-02-22 00:00:00,4.77,2019
002756,002756_data,2019-02-18 00:00:00,2019-02-26 00:00:00,15.01,15.253599999999999,1.2729180546302394,8,移动止盈,2019-02-15 00:00:00,2019-02-14 00:00:00,14.18,2019
600393,600393_data,2019-02-27 00:00:00,2019-03-06 00:00:00,2.93,3.0452000000000004,3.581740614334477,7,移动止盈,2019-02-26 00:00:00,2019-02-25 00:00:00,2.72,2019
603803,603803_data,2019-02-13 00:00:00,2019-02-27 00:00:00,10.99,11.5184,4.458007279344854,14,移动止盈,2019-02-12 00:00:00,2019-02-11 00:00:00,10.45,2019
002342,002342_data,2019-02-27 00:00:00,2019-03-05 00:00:00,3.85,3.9468,2.164285714285714,6,移动止盈,2019-02-26 00:00:00,2019-02-25 00:00:00,3.63,2019
603999,603999_data,2019-02-26 00:00:00,2019-03-04 00:00:00,6.464,5.946880000000001,-8.349999999999989,6,移动止盈,2019-02-25 00:00:00,2019-02-22 00:00:00,5.28,2019
002579,002579_data,2019-02-13 00:00:00,2019-02-19 00:00:00,10.16,10.5984,3.964960629921256,6,移动止盈,2019-02-12 00:00:00,2019-02-11 00:00:00,8.86,2019
600938,600938_data,2022-05-31 00:00:00,2022-06-16 00:00:00,19.5,18.8508,-3.679230769230772,16,移动止盈,2022-05-30 00:00:00,2022-05-27 00:00:00,17.2,2022
000783,000783_data,2019-02-26 00:00:00,2019-03-04 00:00:00,7.79,7.1668,-8.349999999999998,6,移动止盈,2019-02-25 00:00:00,2019-02-22 00:00:00,6.28,2019
603400,603400_data,2025-08-07 00:00:00,2025-08-12 00:00:00,61.28,62.56,1.7387728459530045,5,移动止盈,2025-08-06 00:00:00,2025-08-05 00:00:00,54.95,2025
605268,605268_data,2021-04-07 00:00:00,2021-04-12 00:00:00,16.06,16.5508,2.7060398505603995,5,移动止盈,2021-04-06 00:00:00,2021-04-02 00:00:00,14.9,2021
002182,002182_data,2019-02-26 00:00:00,2019-03-25 00:00:00,7.83,8.804400000000001,12.094444444444457,27,移动止盈,2019-02-25 00:00:00,2019-02-22 00:00:00,6.96,2019
600804,600804_data,2019-02-13 00:00:00,2019-02-21 00:00:00,8.36,8.786000000000001,4.74569377990433,8,移动止盈,2019-02-12 00:00:00,2019-02-11 00:00:00,7.83,2019
600495,600495_data,2019-02-27 00:00:00,2019-03-04 00:00:00,5.38,5.2256,-3.219888475836429,5,移动止盈,2019-02-26 00:00:00,2019-02-25 00:00:00,4.8,2019
002051,002051_data,2019-03-19 00:00:00,2019-03-26 00:00:00,15.98,15.0144,-6.3925531914893625,7,移动止盈,2019-03-18 00:00:00,2019-03-15 00:00:00,13.86,2019
601686,601686_data,2021-01-18 00:00:00,2021-02-05 00:00:00,12.52,12.309600000000001,-2.0305111821086115,18,移动止盈,2021-01-15 00:00:00,2021-01-14 00:00:00,11.69,2021
603688,603688_data,2019-02-13 00:00:00,2019-03-11 00:00:00,13.93,14.784400000000002,5.783524766690609,26,移动止盈,2019-02-12 00:00:00,2019-02-11 00:00:00,13.08,2019
600203,600203_data,2019-02-20 00:00:00,2019-02-25 00:00:00,5.24,5.3912,2.535496183206111,5,移动止盈,2019-02-19 00:00:00,2019-02-18 00:00:00,4.9,2019
600531,600531_data,2019-02-25 00:00:00,2019-03-07 00:00:00,4.67,5.9064000000000005,26.125374732334063,10,移动止盈,2019-02-22 00:00:00,2019-02-21 00:00:00,4.05,2019
000936,000936_data,2019-02-26 00:00:00,2019-03-05 00:00:00,7.88,8.3352,5.426649746192899,7,移动止盈,2019-02-25 00:00:00,2019-02-22 00:00:00,6.75,2019
002939,002939_data,2019-02-15 00:00:00,2019-02-22 00:00:00,10.56,11.454,8.115909090909092,7,移动止盈,2019-02-14 00:00:00,2019-02-13 00:00:00,10.11,2019
002167,002167_data,2019-03-06 00:00:00,2019-03-11 00:00:00,7.73,7.728000000000001,-0.37587322121603856,5,移动止盈,2019-03-05 00:00:00,2019-03-04 00:00:00,6.73,2019
002987,002987_data,2020-07-01 00:00:00,2020-07-07 00:00:00,59.01,63.10280000000001,6.585773597695324,6,移动止盈,2020-06-30 00:00:00,2020-06-29 00:00:00,53.43,2020
603609,603609_data,2019-03-05 00:00:00,2019-03-11 00:00:00,11.4,11.2792,-1.4096491228070254,6,移动止盈,2019-03-04 00:00:00,2019-03-01 00:00:00,10.32,2019
600109,600109_data,2019-02-15 00:00:00,2019-02-22 00:00:00,8.56,8.832,2.827570093457947,7,移动止盈,2019-02-14 00:00:00,2019-02-13 00:00:00,8.05,2019
600555,600555_data,2019-02-27 00:00:00,2019-03-08 00:00:00,3.1,3.2292,3.8177419354838698,9,移动止盈,2019-02-26 00:00:00,2019-02-25 00:00:00,2.92,2019
603032,603032_data,2019-03-04 00:00:00,2019-03-11 00:00:00,33.33,42.6788,27.699204920492065,7,移动止盈,2019-03-01 00:00:00,2019-02-28 00:00:00,26.81,2019
000812,000812_data,2019-02-20 00:00:00,2019-02-25 00:00:00,4.1,4.2504,3.318292682926837,5,移动止盈,2019-02-19 00:00:00,2019-02-18 00:00:00,3.91,2019
601388,601388_data,2019-02-27 00:00:00,2019-03-05 00:00:00,2.51,2.7600000000000002,9.610159362549819,6,移动止盈,2019-02-26 00:00:00,2019-02-25 00:00:00,2.3,2019
002103,002103_data,2019-02-20 00:00:00,2019-02-27 00:00:00,4.71,4.784000000000001,1.2211252653927969,7,移动止盈,2019-02-19 00:00:00,2019-02-18 00:00:00,4.33,2019
603386,603386_data,2019-02-15 00:00:00,2019-02-20 00:00:00,15.48,16.468,6.032428940568472,5,移动止盈,2019-02-14 00:00:00,2019-02-13 00:00:00,15.1,2019
000005,000005_data,2019-02-27 00:00:00,2019-03-12 00:00:00,3.3,3.8640000000000003,16.740909090909106,13,移动止盈,2019-02-26 00:00:00,2019-02-25 00:00:00,3.18,2019
002098,002098_data,2019-02-13 00:00:00,2019-02-20 00:00:00,8.9,9.3472,4.674719101123601,7,移动止盈,2019-02-12 00:00:00,2019-02-11 00:00:00,8.07,2019
002457,002457_data,2019-02-27 00:00:00,2019-03-08 00:00:00,8.82,8.8688,0.20328798185940988,9,移动止盈,2019-02-26 00:00:00,2019-02-25 00:00:00,8.31,2019
000550,000550_data,2019-02-13 00:00:00,2019-02-27 00:00:00,16.57,17.387999999999998,4.586632468316221,14,移动止盈,2019-02-12 00:00:00,2019-02-11 00:00:00,15.2,2019
603363,603363_data,2019-02-13 00:00:00,2019-02-18 00:00:00,8.27,9.4852,14.344074969770269,5,移动止盈,2019-02-12 00:00:00,2019-02-11 00:00:00,7.63,2019
601002,601002_data,2019-02-27 00:00:00,2019-03-08 00:00:00,7.2922,7.0840000000000005,-3.205105455143849,9,移动止盈,2019-02-26 00:00:00,2019-02-25 00:00:00,6.5,2019
001228,001228_data,2022-06-24 00:00:00,2022-06-29 00:00:00,50.05,49.4684,-1.5120379620379512,5,移动止盈,2022-06-23 00:00:00,2022-06-22 00:00:00,43.5,2022
002174,002174_data,2019-03-04 00:00:00,2019-03-11 00:00:00,20.53,22.319200000000002,8.365051144666346,7,移动止盈,2019-03-01 00:00:00,2019-02-28 00:00:00,19.3,2019
002313,002313_data,2019-02-25 00:00:00,2019-03-05 00:00:00,25.6,25.0148,-2.6359375000000016,8,移动止盈,2019-02-22 00:00:00,2019-02-21 00:00:00,22.89,2019
002175,002175_data,2019-02-26 00:00:00,2019-03-08 00:00:00,3.67,5.8696,59.584604904632165,10,移动止盈,2019-02-25 00:00:00,2019-02-22 00:00:00,3.14,2019
002289,002289_data,2019-02-15 00:00:00,2019-02-20 00:00:00,6.08,6.578,7.840789473684214,5,移动止盈,2019-02-14 00:00:00,2019-02-13 00:00:00,5.72,2019
000526,000526_data,2019-02-20 00:00:00,2019-02-25 00:00:00,21.6,23.0,6.131481481481474,5,移动止盈,2019-02-19 00:00:00,2019-02-18 00:00:00,20.3,2019
603912,603912_data,2019-02-14 00:00:00,2019-02-20 00:00:00,15.43,15.759599999999999,1.7860985093972732,6,移动止盈,2019-02-13 00:00:00,2019-02-12 00:00:00,14.76,2019
601778,601778_data,2020-07-08 00:00:00,2020-07-14 00:00:00,8.21,8.427200000000001,2.295554202192449,6,移动止盈,2020-07-07 00:00:00,2020-07-06 00:00:00,7.94,2020
600210,600210_data,2019-02-26 00:00:00,2019-03-05 00:00:00,4.36,4.2504,-2.8637614678899164,7,移动止盈,2019-02-25 00:00:00,2019-02-22 00:00:00,3.75,2019
002957,002957_data,2019-09-05 00:00:00,2019-09-11 00:00:00,39.67,40.480000000000004,1.6918452230905021,6,移动止盈,2019-09-04 00:00:00,2019-09-03 00:00:00,35.53,2019
002733,002733_data,2019-02-18 00:00:00,2019-02-25 00:00:00,18.9,22.521600000000003,18.811904761904785,7,移动止盈,2019-02-15 00:00:00,2019-02-14 00:00:00,17.53,2019
002326,002326_data,2019-02-14 00:00:00,2019-03-08 00:00:00,9.0092,8.97,-0.7851107756515476,22,移动止盈,2019-02-13 00:00:00,2019-02-12 00:00:00,7.44,2019
002141,002141_data,2019-02-18 00:00:00,2019-02-26 00:00:00,4.37,4.8484,10.597368421052625,8,移动止盈,2019-02-15 00:00:00,2019-02-14 00:00:00,4.12,2019
601100,601100_data,2019-02-25 00:00:00,2019-03-26 00:00:00,28.05,31.785999999999998,12.969073083778957,29,移动止盈,2019-02-22 00:00:00,2019-02-21 00:00:00,24.52,2019
603859,603859_data,2019-02-26 00:00:00,2019-03-06 00:00:00,23.72,26.128,9.801770657672854,8,移动止盈,2019-02-25 00:00:00,2019-02-22 00:00:00,19.3,2019
600707,600707_data,2019-03-05 00:00:00,2019-03-11 00:00:00,6.42,6.6608,3.400778816199378,6,移动止盈,2019-03-04 00:00:00,2019-03-01 00:00:00,6.03,2019
600800,600800_data,2019-02-14 00:00:00,2019-03-08 00:00:00,5.55,6.992,25.631981981981987,22,移动止盈,2019-02-13 00:00:00,2019-02-12 00:00:00,5.03,2019
603538,603538_data,2019-02-13 00:00:00,2019-02-21 00:00:00,20.2,19.448800000000002,-4.068811881188105,8,移动止盈,2019-02-12 00:00:00,2019-02-11 00:00:00,18.12,2019
605098,605098_data,2021-06-18 00:00:00,2021-06-24 00:00:00,43.88,46.8096,6.326390154968095,6,移动止盈,2021-06-17 00:00:00,2021-06-16 00:00:00,40.22,2021
600909,600909_data,2019-02-26 00:00:00,2019-03-04 00:00:00,6.83,6.5044,-5.117203513909219,6,移动止盈,2019-02-25 00:00:00,2019-02-22 00:00:00,5.54,2019
000897,000897_data,2019-02-27 00:00:00,2019-03-05 00:00:00,2.65,2.7876,4.842452830188677,6,移动止盈,2019-02-26 00:00:00,2019-02-25 00:00:00,2.54,2019
002619,002619_data,2019-02-26 00:00:00,2019-03-05 00:00:00,4.14,4.1491999999999996,-0.12777777777778077,7,移动止盈,2019-02-25 00:00:00,2019-02-22 00:00:00,3.69,2019
600061,600061_data,2019-02-20 00:00:00,2019-02-27 00:00:00,10.43,13.616000000000001,30.1965004793864,7,移动止盈,2019-02-19 00:00:00,2019-02-18 00:00:00,9.92,2019
002576,002576_data,2019-02-27 00:00:00,2019-03-08 00:00:00,11.8,11.684,-1.3330508474576392,9,移动止盈,2019-02-26 00:00:00,2019-02-25 00:00:00,11.37,2019
000616,000616_data,2019-02-27 00:00:00,2019-03-05 00:00:00,3.42,3.45,0.5271929824561477,6,移动止盈,2019-02-26 00:00:00,2019-02-25 00:00:00,3.1,2019
002577,002577_data,2019-02-15 00:00:00,2019-02-20 00:00:00,11.6,11.2976,-2.956896551724142,5,移动止盈,2019-02-14 00:00:00,2019-02-13 00:00:00,10.03,2019
002023,002023_data,2019-02-20 00:00:00,2019-03-01 00:00:00,11.27,11.4356,1.1193877551020524,9,移动止盈,2019-02-19 00:00:00,2019-02-18 00:00:00,10.7,2019
600169,600169_data,2019-02-27 00:00:00,2019-03-07 00:00:00,2.99,3.0636,2.1115384615384576,8,移动止盈,2019-02-26 00:00:00,2019-02-25 00:00:00,2.58,2019
603181,603181_data,2019-02-20 00:00:00,2019-03-22 00:00:00,19.18,21.4,11.224556830031277,30,时间止盈,2019-02-19 00:00:00,2019-02-18 00:00:00,17.53,2019
002651,002651_data,2019-02-27 00:00:00,2019-03-05 00:00:00,5.03,5.3452,5.916401590457254,6,移动止盈,2019-02-26 00:00:00,2019-02-25 00:00:00,4.85,2019
000933,000933_data,2019-02-27 00:00:00,2019-03-06 00:00:00,4.78,5.1888,8.202301255230111,7,移动止盈,2019-02-26 00:00:00,2019-02-25 00:00:00,4.39,2019
002239,002239_data,2019-02-27 00:00:00,2019-03-05 00:00:00,2.52,2.5668,1.5071428571428642,6,移动止盈,2019-02-26 00:00:00,2019-02-25 00:00:00,2.28,2019
002238,002238_data,2019-02-22 00:00:00,2019-02-27 00:00:00,7.94,7.691199999999999,-3.483501259445857,5,移动止盈,2019-02-21 00:00:00,2019-02-20 00:00:00,6.63,2019
002491,002491_data,2019-02-13 00:00:00,2019-02-22 00:00:00,8.76,9.1448,4.042694063926943,9,移动止盈,2019-02-12 00:00:00,2019-02-11 00:00:00,8.18,2019
601020,601020_data,2019-02-27 00:00:00,2019-03-08 00:00:00,10.74,11.086,2.871601489757915,9,移动止盈,2019-02-26 00:00:00,2019-02-25 00:00:00,9.56,2019
603978,603978_data,2019-02-27 00:00:00,2019-03-12 00:00:00,22.85,24.398400000000002,6.426367614879654,13,移动止盈,2019-02-26 00:00:00,2019-02-25 00:00:00,21.35,2019
002908,002908_data,2019-02-20 00:00:00,2019-03-06 00:00:00,19.29,20.378,5.290228097459829,14,移动止盈,2019-02-19 00:00:00,2019-02-18 00:00:00,17.68,2019
002542,002542_data,2019-02-27 00:00:00,2019-03-13 00:00:00,4.8,5.8696,21.93333333333334,14,移动止盈,2019-02-26 00:00:00,2019-02-25 00:00:00,4.42,2019
601068,601068_data,2019-02-27 00:00:00,2019-03-04 00:00:00,6.35,6.8632,7.731889763779533,5,移动止盈,2019-02-26 00:00:00,2019-02-25 00:00:00,5.6,2019
002848,002848_data,2019-02-13 00:00:00,2019-02-21 00:00:00,14.01,14.020800000000001,-0.2729122055674413,8,移动止盈,2019-02-12 00:00:00,2019-02-11 00:00:00,12.83,2019
002271,002271_data,2019-02-20 00:00:00,2019-03-08 00:00:00,17.59,19.044,7.916060261512225,16,移动止盈,2019-02-19 00:00:00,2019-02-18 00:00:00,15.89,2019
600766,600766_data,2019-02-14 00:00:00,2019-02-19 00:00:00,7.55,8.004,5.663245033112579,5,移动止盈,2019-02-13 00:00:00,2019-02-12 00:00:00,6.79,2019
002940,002940_data,2019-02-14 00:00:00,2019-03-08 00:00:00,40.05,42.2004,5.019288389513121,22,移动止盈,2019-02-13 00:00:00,2019-02-12 00:00:00,37.46,2019
002941,002941_data,2019-02-19 00:00:00,2019-02-26 00:00:00,32.62,37.0944,13.366738197424901,7,移动止盈,2019-02-18 00:00:00,2019-02-15 00:00:00,28.62,2019
000018,000018_data,2019-02-13 00:00:00,2019-02-22 00:00:00,2.33,2.3644,1.1263948497853975,9,移动止盈,2019-02-12 00:00:00,2019-02-11 00:00:00,2.07,2019
601992,601992_data,2019-02-27 00:00:00,2019-03-08 00:00:00,3.95,3.956,-0.1981012658227903,9,移动止盈,2019-02-26 00:00:00,2019-02-25 00:00:00,3.65,2019
601901,601901_data,2019-02-20 00:00:00,2019-02-25 00:00:00,6.69,7.406000000000001,10.352541106128552,5,移动止盈,2019-02-19 00:00:00,2019-02-18 00:00:00,6.46,2019
601901,601901_data,2019-05-22 00:00:00,2019-05-30 00:00:00,7.15,7.2312,0.7856643356643348,8,移动止盈,2019-05-21 00:00:00,2019-05-20 00:00:00,6.62,2019
600759,600759_data,2019-02-27 00:00:00,2019-03-08 00:00:00,3.08,3.2292,4.494155844155843,9,移动止盈,2019-02-26 00:00:00,2019-02-25 00:00:00,2.88,2019
600894,600894_data,2019-02-21 00:00:00,2019-03-08 00:00:00,6.71,7.111600000000001,5.635096870342787,15,移动止盈,2019-02-20 00:00:00,2019-02-19 00:00:00,6.23,2019
002113,002113_data,2019-02-12 00:00:00,2019-02-22 00:00:00,3.32,3.6340000000000003,9.10783132530122,10,移动止盈,2019-02-11 00:00:00,2019-02-01 00:00:00,2.83,2019
600058,600058_data,2019-02-27 00:00:00,2019-03-08 00:00:00,7.77,8.0868,3.727220077220085,9,移动止盈,2019-02-26 00:00:00,2019-02-25 00:00:00,7.35,2019
002089,002089_data,2019-02-13 00:00:00,2019-02-21 00:00:00,4.5,4.8668000000000005,7.801111111111121,8,移动止盈,2019-02-12 00:00:00,2019-02-11 00:00:00,4.27,2019
600119,600119_data,2019-02-20 00:00:00,2019-02-25 00:00:00,6.47,6.651600000000001,2.456800618238042,5,移动止盈,2019-02-19 00:00:00,2019-02-18 00:00:00,6.07,2019
603618,603618_data,2019-02-25 00:00:00,2019-03-08 00:00:00,6.75,6.421600000000001,-5.2151851851851765,11,移动止盈,2019-02-22 00:00:00,2019-02-21 00:00:00,5.52,2019
002669,002669_data,2019-02-15 00:00:00,2019-02-26 00:00:00,12.6,13.064,3.3325396825396854,11,移动止盈,2019-02-14 00:00:00,2019-02-13 00:00:00,10.5,2019
601616,601616_data,2019-02-18 00:00:00,2019-03-06 00:00:00,3.95,4.3056,8.652531645569619,16,移动止盈,2019-02-15 00:00:00,2019-02-14 00:00:00,3.72,2019
001270,001270_data,2022-07-19 00:00:00,2022-07-25 00:00:00,93.8,110.308,17.24914712153519,6,移动止盈,2022-07-18 00:00:00,2022-07-15 00:00:00,85.0,2022
600293,600293_data,2019-02-27 00:00:00,2019-03-07 00:00:00,4.52,4.922,8.543805309734518,8,移动止盈,2019-02-26 00:00:00,2019-02-25 00:00:00,4.34,2019
603903,603903_data,2019-02-27 00:00:00,2019-03-14 00:00:00,22.9,22.3652,-2.6853711790392887,15,移动止盈,2019-02-26 00:00:00,2019-02-25 00:00:00,21.72,2019
002479,002479_data,2019-02-27 00:00:00,2019-03-26 00:00:00,5.18,5.437200000000001,4.615250965250984,27,移动止盈,2019-02-26 00:00:00,2019-02-25 00:00:00,4.93,2019
603500,603500_data,2019-02-20 00:00:00,2019-03-08 00:00:00,12.18,12.4476,1.847044334975368,16,移动止盈,2019-02-19 00:00:00,2019-02-18 00:00:00,11.67,2019
002972,002972_data,2020-02-19 00:00:00,2020-02-28 00:00:00,23.9,24.2788,1.2349372384937316,9,移动止盈,2020-02-18 00:00:00,2020-02-17 00:00:00,21.61,2020
600614,600614_data,2019-02-21 00:00:00,2019-02-26 00:00:00,6.3125,6.6976,5.750594059405947,5,移动止盈,2019-02-20 00:00:00,2019-02-19 00:00:00,4.9,2019
600686,600686_data,2019-02-27 00:00:00,2019-03-08 00:00:00,8.67,8.602,-1.1343137254901916,9,移动止盈,2019-02-26 00:00:00,2019-02-25 00:00:00,7.6,2019
000751,000751_data,2019-02-27 00:00:00,2019-03-07 00:00:00,3.77,3.9836,5.3157824933687,8,移动止盈,2019-02-26 00:00:00,2019-02-25 00:00:00,3.14,2019
002656,002656_data,2019-02-26 00:00:00,2019-03-04 00:00:00,6.35,7.4336,16.714566929133866,6,移动止盈,2019-02-25 00:00:00,2019-02-22 00:00:00,5.42,2019
002657,002657_data,2019-04-02 00:00:00,2019-04-08 00:00:00,20.42,20.5896,0.4805582761997995,6,移动止盈,2019-04-01 00:00:00,2019-03-29 00:00:00,18.33,2019
000750,000750_data,2019-02-12 00:00:00,2019-02-22 00:00:00,4.88,5.1336,4.846721311475419,10,移动止盈,2019-02-11 00:00:00,2019-02-01 00:00:00,4.63,2019
000056,000056_data,2019-02-21 00:00:00,2019-03-06 00:00:00,5.14,5.5752,8.116926070038911,13,移动止盈,2019-02-20 00:00:00,2019-02-19 00:00:00,4.94,2019
000498,000498_data,2019-02-27 00:00:00,2019-03-08 00:00:00,5.97,5.9248,-1.1071189279731903,9,移动止盈,2019-02-26 00:00:00,2019-02-25 00:00:00,5.49,2019
603680,603680_data,2019-02-27 00:00:00,2019-03-08 00:00:00,16.9,16.7072,-1.490828402366854,9,移动止盈,2019-02-26 00:00:00,2019-02-25 00:00:00,15.47,2019
600112,600112_data,2019-02-27 00:00:00,2019-03-06 00:00:00,4.8,4.6736,-2.983333333333321,7,移动止盈,2019-02-26 00:00:00,2019-02-25 00:00:00,4.17,2019
002497,002497_data,2019-02-13 00:00:00,2019-02-22 00:00:00,6.76,7.5256,10.975443786982249,9,移动止盈,2019-02-12 00:00:00,2019-02-11 00:00:00,6.37,2019
601878,601878_data,2019-02-20 00:00:00,2019-02-26 00:00:00,8.74,10.478800000000001,19.544736842105277,6,移动止盈,2019-02-19 00:00:00,2019-02-18 00:00:00,8.38,2019
600996,600996_data,2019-02-12 00:00:00,2019-02-26 00:00:00,6.8,8.004,17.355882352941173,14,移动止盈,2019-02-11 00:00:00,2019-02-01 00:00:00,6.42,2019
603061,603061_data,2023-04-14 00:00:00,2023-04-21 00:00:00,135.22889999999998,155.664,14.76148874242119,7,移动止盈,2023-04-13 00:00:00,2023-04-12 00:00:00,113.61,2023
002118,002118_data,2019-02-14 00:00:00,2019-02-19 00:00:00,5.07,5.6028,10.158875739644968,5,移动止盈,2019-02-13 00:00:00,2019-02-12 00:00:00,4.8,2019
002545,002545_data,2019-02-26 00:00:00,2019-03-08 00:00:00,7.48,7.4152000000000005,-1.216310160427807,10,移动止盈,2019-02-25 00:00:00,2019-02-22 00:00:00,6.76,2019
603169,603169_data,2019-02-20 00:00:00,2019-02-26 00:00:00,4.97,5.3912,8.124849094567418,6,移动止盈,2019-02-19 00:00:00,2019-02-18 00:00:00,4.34,2019
002277,002277_data,2019-02-27 00:00:00,2019-03-27 00:00:00,3.91,3.9376,0.3558823529411782,28,移动止盈,2019-02-26 00:00:00,2019-02-25 00:00:00,3.72,2019
002276,002276_data,2019-02-27 00:00:00,2019-03-08 00:00:00,6.86,6.9736,1.3059766763848384,9,移动止盈,2019-02-26 00:00:00,2019-02-25 00:00:00,6.16,2019
601377,601377_data,2019-02-20 00:00:00,2019-02-26 00:00:00,5.98,7.268000000000001,21.188461538461542,6,移动止盈,2019-02-19 00:00:00,2019-02-18 00:00:00,5.4,2019
000837,000837_data,2019-02-27 00:00:00,2019-03-08 00:00:00,4.79,4.9588,3.17400835073069,9,移动止盈,2019-02-26 00:00:00,2019-02-25 00:00:00,4.4,2019
600242,600242_data,2019-02-14 00:00:00,2019-03-01 00:00:00,11.49,12.236,6.142602262837253,15,移动止盈,2019-02-13 00:00:00,2019-02-12 00:00:00,10.63,2019
600478,600478_data,2019-02-27 00:00:00,2019-03-08 00:00:00,5.05,5.1152,0.9410891089108897,9,移动止盈,2019-02-26 00:00:00,2019-02-25 00:00:00,4.7,2019
002067,002067_data,2019-02-20 00:00:00,2019-03-11 00:00:00,3.69,3.9192,5.86138211382114,19,移动止盈,2019-02-19 00:00:00,2019-02-18 00:00:00,3.55,2019
002127,002127_data,2019-02-26 00:00:00,2019-03-08 00:00:00,10.77,10.304,-4.676833797585881,10,移动止盈,2019-02-25 00:00:00,2019-02-22 00:00:00,9.04,2019
600391,600391_data,2019-02-27 00:00:00,2019-03-12 00:00:00,13.7,15.686000000000002,14.146350364963522,13,移动止盈,2019-02-26 00:00:00,2019-02-25 00:00:00,13.1,2019
001373,001373_data,2023-07-18 00:00:00,2023-07-24 00:00:00,49.5,53.0656,6.853232323232329,6,移动止盈,2023-07-17 00:00:00,2023-07-14 00:00:00,40.5,2023
000712,000712_data,2019-02-20 00:00:00,2019-02-27 00:00:00,10.9,12.8064,17.13990825688073,7,移动止盈,2019-02-19 00:00:00,2019-02-18 00:00:00,10.1,2019
002249,002249_data,2019-02-20 00:00:00,2019-03-08 00:00:00,4.32,4.5724,5.492592592592586,16,移动止盈,2019-02-19 00:00:00,2019-02-18 00:00:00,3.83,2019
601236,601236_data,2019-08-20 00:00:00,2019-08-28 00:00:00,15.7,15.088,-4.248089171974524,8,移动止盈,2019-08-19 00:00:00,2019-08-16 00:00:00,13.82,2019
002583,002583_data,2019-02-12 00:00:00,2019-03-06 00:00:00,9.09,11.3528,24.543289328932897,22,移动止盈,2019-02-11 00:00:00,2019-02-01 00:00:00,8.25,2019
001283,001283_data,2022-11-03 00:00:00,2022-11-14 00:00:00,55.56,56.4604,1.270590352771774,11,移动止盈,2022-11-02 00:00:00,2022-11-01 00:00:00,53.0,2022
000416,000416_data,2019-02-20 00:00:00,2019-02-25 00:00:00,4.94,5.354400000000001,8.038663967611347,5,移动止盈,2019-02-19 00:00:00,2019-02-18 00:00:00,4.25,2019
600369,600369_data,2019-02-20 00:00:00,2019-02-26 00:00:00,4.26,5.2716,23.39647887323945,6,移动止盈,2019-02-19 00:00:00,2019-02-18 00:00:00,4.13,2019
000557,000557_data,2019-02-27 00:00:00,2019-03-08 00:00:00,4.06,4.2688,4.792857142857145,9,移动止盈,2019-02-26 00:00:00,2019-02-25 00:00:00,3.91,2019
000955,000955_data,2019-02-13 00:00:00,2019-03-08 00:00:00,4.25,4.9956,17.193529411764697,23,移动止盈,2019-02-12 00:00:00,2019-02-11 00:00:00,3.9,2019
001326,001326_data,2023-12-29 00:00:00,2024-01-09 00:00:00,52.76,52.30200000000001,-1.2180818802122655,11,移动止盈,2023-12-28 00:00:00,2023-12-27 00:00:00,47.38,2023
002426,002426_data,2019-02-14 00:00:00,2019-02-19 00:00:00,2.8,3.4040000000000004,21.22142857142859,5,移动止盈,2019-02-13 00:00:00,2019-02-12 00:00:00,2.49,2019
603098,603098_data,2019-02-13 00:00:00,2019-02-20 00:00:00,13.9,16.330000000000002,17.13201438848922,7,移动止盈,2019-02-12 00:00:00,2019-02-11 00:00:00,12.92,2019
600356,600356_data,2019-02-22 00:00:00,2019-03-06 00:00:00,7.39,7.36,-0.7559539918809116,12,移动止盈,2019-02-21 00:00:00,2019-02-20 00:00:00,6.76,2019
000923,000923_data,2019-02-13 00:00:00,2019-02-27 00:00:00,13.28,14.4532,8.4843373493976,14,移动止盈,2019-02-12 00:00:00,2019-02-11 00:00:00,13.21,2019
002609,002609_data,2019-02-14 00:00:00,2019-02-20 00:00:00,6.1,6.421600000000001,4.922131147541,6,移动止盈,2019-02-13 00:00:00,2019-02-12 00:00:00,5.63,2019
603042,603042_data,2019-02-20 00:00:00,2019-03-11 00:00:00,13.38,14.959200000000003,11.452690582959654,19,移动止盈,2019-02-19 00:00:00,2019-02-18 00:00:00,13.01,2019
000862,000862_data,2019-02-19 00:00:00,2019-02-25 00:00:00,6.77,7.4428,9.587961595273272,6,移动止盈,2019-02-18 00:00:00,2019-02-15 00:00:00,6.21,2019
603516,603516_data,2019-02-20 00:00:00,2019-03-08 00:00:00,23.44,26.8364,14.139761092150168,16,移动止盈,2019-02-19 00:00:00,2019-02-18 00:00:00,21.08,2019
002032,002032_data,2019-02-27 00:00:00,2019-03-08 00:00:00,63.0745,62.49560000000001,-1.2678035497704938,9,移动止盈,2019-02-26 00:00:00,2019-02-25 00:00:00,54.02,2019
603828,603828_data,2019-02-27 00:00:00,2019-03-04 00:00:00,9.48,9.338000000000001,-1.847890295358644,5,移动止盈,2019-02-26 00:00:00,2019-02-25 00:00:00,8.34,2019
600105,600105_data,2019-02-19 00:00:00,2019-02-26 00:00:00,5.04,5.4096,6.983333333333336,7,移动止盈,2019-02-18 00:00:00,2019-02-15 00:00:00,4.84,2019
002229,002229_data,2019-02-15 00:00:00,2019-02-27 00:00:00,7.13,7.718800000000001,7.908064516129045,12,移动止盈,2019-02-14 00:00:00,2019-02-13 00:00:00,6.85,2019
601698,601698_data,2019-08-29 00:00:00,2019-09-03 00:00:00,10.99,13.2204,19.944813466787984,5,移动止盈,2019-08-28 00:00:00,2019-08-27 00:00:00,9.25,2019
605337,605337_data,2021-03-22 00:00:00,2021-03-29 00:00:00,34.5,35.677600000000005,3.063333333333349,7,移动止盈,2021-03-19 00:00:00,2021-03-18 00:00:00,30.89,2021
000797,000797_data,2019-02-12 00:00:00,2019-03-01 00:00:00,5.23,5.501600000000001,4.84311663479924,17,移动止盈,2019-02-11 00:00:00,2019-02-01 00:00:00,4.86,2019
600172,600172_data,2019-02-14 00:00:00,2019-03-01 00:00:00,3.65,3.9468,7.781506849315073,15,移动止盈,2019-02-13 00:00:00,2019-02-12 00:00:00,3.39,2019
002130,002130_data,2019-02-26 00:00:00,2019-03-04 00:00:00,4.34,4.2872,-1.5665898617511411,6,移动止盈,2019-02-25 00:00:00,2019-02-22 00:00:00,3.92,2019
600255,600255_data,2019-02-27 00:00:00,2019-03-04 00:00:00,2.23,2.346,4.851793721973099,5,移动止盈,2019-02-26 00:00:00,2019-02-25 00:00:00,2.07,2019
002926,002926_data,2019-02-15 00:00:00,2019-02-22 00:00:00,9.15,9.476,3.21284153005465,7,移动止盈,2019-02-14 00:00:00,2019-02-13 00:00:00,8.61,2019
