code,buy_date,sell_date,buy_price,sell_price,gross_return,net_return,holding_days,sell_reason
603616,2019-02-27,2019-03-08,11.71,11.96,0.02134927412467976,0.01784927412467976,9,移动止盈
002493,2019-04-03,2019-04-09,13.83,14.039200000000001,0.015126536514822916,0.011626536514822917,6,移动止盈
000506,2019-02-27,2019-03-07,3.3,3.6708000000000003,0.11236363636363651,0.10886363636363651,8,移动止盈
600590,2019-02-27,2019-03-08,6.35,6.762,0.06488188976377952,0.06138188976377952,9,移动止盈
603439,2020-06-12,2020-06-17,33.76,40.434000000000005,0.19768957345971586,0.19418957345971585,5,移动止盈
600231,2019-02-27,2019-03-08,3.28,3.2936,0.004146341463414719,0.0006463414634147193,9,移动止盈
000728,2019-02-15,2019-02-22,8.21,8.638800000000002,0.05222898903775892,0.048728989037758914,7,移动止盈
000728,2019-04-02,2019-04-10,10.7,10.6628,-0.003476635514018558,-0.006976635514018558,8,移动止盈
603081,2019-02-21,2019-03-01,13.19,14.996,0.13692191053828665,0.13342191053828664,8,移动止盈
002063,2019-02-26,2019-03-05,8.23,8.0868,-0.01739975698663429,-0.02089975698663429,7,移动止盈
601187,2020-12-01,2020-12-07,11.81,14.241600000000002,0.20589331075359874,0.20239331075359873,6,移动止盈
600689,2019-02-18,2019-02-28,10.05,11.0492,0.09942288557213931,0.09592288557213931,10,移动止盈
002611,2019-02-27,2019-03-06,4.0,4.1768,0.04420000000000002,0.040700000000000014,7,移动止盈
002611,2019-04-03,2019-04-08,4.42,4.4252,0.0011764705882353656,-0.0023235294117646345,5,移动止盈
000571,2019-02-27,2019-03-07,3.3,3.5420000000000003,0.07333333333333347,0.06983333333333347,8,移动止盈
000723,2019-02-18,2019-02-25,4.69,4.9496,0.055351812366737696,0.05185181236673769,7,移动止盈
002116,2019-02-21,2019-02-26,9.15,9.522,0.04065573770491802,0.037155737704918014,5,移动止盈
002116,2019-04-09,2019-04-22,12.63,12.1164,-0.040665083135391945,-0.04416508313539195,13,移动止盈
605008,2020-10-13,2020-10-22,19.99,20.7,0.03551775887943977,0.032017758879439764,9,移动止盈
605008,2020-11-18,2020-11-24,30.62,30.4336,-0.006087524493794989,-0.00958752449379499,6,移动止盈
002184,2019-02-20,2019-03-05,10.38,11.233200000000002,0.08219653179190761,0.07869653179190761,13,移动止盈
002840,2019-02-13,2019-02-25,14.2,15.180000000000001,0.06901408450704241,0.06551408450704241,12,移动止盈
000058,2019-02-26,2019-03-05,8.0,7.82,-0.022499999999999964,-0.025999999999999964,7,移动止盈
000807,2019-02-27,2019-03-05,4.61,4.7472,0.029761388286334053,0.026261388286334054,6,移动止盈
000807,2019-04-03,2019-04-09,5.44,5.796,0.06544117647058821,0.06194117647058821,6,移动止盈
000151,2019-02-27,2019-03-04,12.15,13.432,0.10551440329218106,0.10201440329218106,5,移动止盈
000686,2019-02-20,2019-02-27,7.62,8.924,0.17112860892388443,0.16762860892388443,7,移动止盈
000686,2019-04-02,2019-04-10,10.31,10.322400000000002,0.0012027158098934334,-0.002297284190106567,8,移动止盈
002977,2020-05-11,2020-05-19,80.81,89.1296,0.10295260487563412,0.09945260487563412,8,移动止盈
002977,2020-06-24,2020-07-01,91.43,95.45,0.043968062999015595,0.04046806299901559,7,移动止盈
603236,2019-09-02,2019-09-09,143.1,168.3324,0.17632704402515734,0.17282704402515733,7,移动止盈
600874,2019-02-27,2019-03-08,9.24,9.154,-0.009307359307359339,-0.012807359307359338,9,移动止盈
002161,2019-02-20,2019-03-06,5.92,6.946,0.1733108108108108,0.16981081081081079,14,移动止盈
002161,2019-04-03,2019-04-10,7.63,7.4244,-0.026946264744429824,-0.030446264744429824,7,移动止盈
002161,2019-05-14,2019-05-22,6.87,7.3508000000000004,0.06998544395924314,0.06648544395924313,8,移动止盈
603111,2019-03-05,2019-03-11,5.1,5.8328,0.14368627450980395,0.14018627450980395,6,移动止盈
002837,2019-02-12,2019-02-21,18.6,18.630000000000003,0.0016129032258065125,-0.0018870967741934875,9,移动止盈
002955,2019-07-03,2019-07-08,64.0,60.6832,-0.05182500000000001,-0.05532500000000001,5,移动止盈
603072,2025-03-03,2025-03-11,38.44,38.1892,-0.00652445369406863,-0.01002445369406863,8,移动止盈
600985,2019-02-26,2019-03-08,11.59,11.7208,0.011285591026747257,0.007785591026747257,10,移动止盈
000558,2019-02-26,2019-03-08,3.38,3.5788,0.05881656804733737,0.05531656804733737,10,移动止盈
002557,2019-03-04,2019-03-18,22.47,24.2328,0.07845126835781051,0.0749512683578105,14,移动止盈
000510,2019-02-15,2019-02-25,4.36,4.774800000000001,0.0951376146788992,0.09163761467889919,10,移动止盈
002886,2019-02-15,2019-02-20,16.08,19.182000000000002,0.1929104477611943,0.18941044776119428,5,移动止盈
002670,2019-02-26,2019-03-05,12.4,13.5608,0.09361290322580645,0.09011290322580645,7,移动止盈
000981,2019-02-14,2019-02-19,2.92,3.0820000000000003,0.05547945205479465,0.05197945205479464,5,移动止盈
600856,2019-02-14,2019-02-22,3.72,3.7904000000000004,0.01892473118279576,0.015424731182795762,8,移动止盈
002143,2019-02-26,2019-03-05,3.5,3.6064000000000003,0.030400000000000076,0.026900000000000077,7,移动止盈
000045,2019-02-27,2019-03-07,6.74,7.36,0.09198813056379823,0.08848813056379823,8,移动止盈
000419,2019-02-27,2019-03-27,4.78,5.050800000000001,0.05665271966527204,0.05315271966527204,28,移动止盈
603133,2019-02-14,2019-02-22,17.45,17.94,0.028080229226361147,0.024580229226361147,8,移动止盈
600366,2019-02-27,2019-03-08,6.02,6.532,0.08504983388704328,0.08154983388704327,9,移动止盈
000609,2019-02-26,2019-03-08,6.0,5.9064000000000005,-0.01559999999999991,-0.019099999999999912,10,移动止盈
002862,2019-02-20,2019-02-25,23.68,26.220000000000002,0.10726351351351363,0.10376351351351362,5,移动止盈
000792,2019-02-27,2019-03-08,7.16,7.341600000000001,0.02536312849162017,0.02186312849162017,9,移动止盈
600310,2019-02-12,2019-02-22,4.04,4.130800000000001,0.022475247524752637,0.018975247524752638,10,移动止盈
601099,2019-02-20,2019-02-26,2.88,3.5512,0.23305555555555565,0.22955555555555565,6,移动止盈
001328,2023-05-23,2023-05-29,39.21,36.836800000000004,-0.06052537617954596,-0.06402537617954596,6,移动止盈
603005,2019-02-15,2019-02-20,16.28,18.1884,0.11722358722358724,0.11372358722358723,5,移动止盈
002429,2019-02-20,2019-02-25,2.69,2.5852,-0.03895910780669145,-0.04245910780669145,5,移动止盈
002227,2019-02-14,2019-02-21,12.72,12.2636,-0.035880503144654116,-0.03938050314465412,7,移动止盈
002040,2019-02-18,2019-02-27,9.86,10.626000000000001,0.07768762677484806,0.07418762677484805,9,移动止盈
603790,2019-02-27,2019-03-07,22.48,23.3036,0.03663701067615654,0.033137010676156535,8,移动止盈
002985,2020-06-24,2020-06-30,112.01,114.5124,0.022340862422997897,0.018840862422997897,6,移动止盈
000811,2019-02-27,2019-03-11,6.14,6.394,0.04136807817589584,0.03786807817589584,12,移动止盈
000811,2019-04-19,2019-04-25,10.44,10.000399999999999,-0.042107279693486634,-0.04560727969348664,6,移动止盈
000811,2019-06-13,2019-06-26,8.35,8.74,0.046706586826347374,0.04320658682634737,13,移动止盈
605338,2020-11-18,2020-11-23,54.07,51.317600000000006,-0.05090438320695385,-0.05440438320695385,5,移动止盈
002192,2019-02-21,2019-02-27,24.34,30.3416,0.2465735414954807,0.2430735414954807,6,移动止盈
600416,2019-02-20,2019-02-27,6.11,6.734400000000001,0.10219312602291333,0.09869312602291333,7,移动止盈
002856,2019-02-19,2019-03-08,21.15,23.4508,0.10878486997635946,0.10528486997635945,17,移动止盈
605117,2021-05-31,2021-06-07,77.88,74.382,-0.04491525423728802,-0.04841525423728802,7,移动止盈
002454,2019-02-15,2019-03-08,4.65,5.106,0.09806451612903215,0.09456451612903215,21,移动止盈
002100,2019-02-13,2019-02-22,5.93,6.7896,0.14495784148397983,0.14145784148397983,9,移动止盈
002383,2019-02-27,2019-03-08,13.42,14.49,0.07973174366616992,0.07623174366616992,9,移动止盈
603106,2019-04-02,2019-04-08,14.4,13.938,-0.03208333333333332,-0.03558333333333332,6,移动止盈
603194,2025-02-11,2025-02-28,37.1,37.6924,0.01596765498652285,0.012467654986522851,17,移动止盈
000070,2019-02-13,2019-02-21,10.21,10.9664,0.07408423114593528,0.07058423114593528,8,移动止盈
002796,2019-02-15,2019-02-21,42.49,44.5648,0.048830313014826925,0.04533031301482692,6,移动止盈
002797,2019-02-26,2019-03-04,7.93,7.544,-0.04867591424968476,-0.05217591424968476,6,移动止盈
002797,2019-04-02,2019-04-15,8.03,7.6728000000000005,-0.04448318804483174,-0.047983188044831745,13,移动止盈
600581,2019-02-27,2019-03-08,4.4,4.6000000000000005,0.04545454545454549,0.04195454545454549,9,移动止盈
600220,2019-02-27,2019-03-08,2.67,2.9164,0.09228464419475654,0.08878464419475654,9,移动止盈
603389,2019-02-25,2019-03-07,10.49,11.0676,0.05506196377502386,0.05156196377502386,10,移动止盈
600775,2019-02-13,2019-02-20,8.41,8.3628,-0.00561236623067778,-0.009112366230677781,7,移动止盈
600512,2019-02-27,2019-03-08,2.86,2.8428,-0.006013986013985973,-0.009513986013985972,9,移动止盈
002518,2019-02-27,2019-03-04,10.44,10.3408,-0.009501915708812236,-0.013001915708812236,5,移动止盈
601700,2019-02-18,2019-02-26,6.5549,10.699600000000002,0.6323056034417004,0.6288056034417004,8,移动止盈
001382,2025-05-08,2025-05-23,22.15,22.521600000000003,0.016776523702031802,0.013276523702031803,15,移动止盈
600107,2019-02-26,2019-03-05,7.74,7.774,0.004392764857881112,0.000892764857881112,7,移动止盈
000987,2019-02-20,2019-02-25,9.63,9.9728,0.035597092419522185,0.03209709241952218,5,移动止盈
000987,2019-04-02,2019-04-16,11.07,10.883600000000001,-0.016838301716350406,-0.020338301716350406,14,移动止盈
000517,2019-02-27,2019-03-04,2.7,3.0176,0.1176296296296295,0.1141296296296295,5,移动止盈
000517,2019-04-02,2019-04-18,3.31,3.45,0.042296072507552906,0.0387960725075529,16,移动止盈
002145,2019-02-27,2019-03-07,4.03,4.3056,0.06838709677419351,0.0648870967741935,8,移动止盈
600425,2019-02-27,2019-03-05,3.6,4.5264,0.25733333333333325,0.25383333333333324,6,移动止盈
600425,2019-04-04,2019-04-11,5.49,5.2256,-0.04816029143898,-0.05166029143898,7,移动止盈
002692,2019-02-20,2019-02-27,4.06,4.324000000000001,0.0650246305418722,0.0615246305418722,7,移动止盈
002692,2019-04-03,2019-04-12,4.85,4.9496,0.020536082474226926,0.017036082474226926,9,移动止盈
000963,2019-02-12,2019-02-20,29.01,29.44,0.014822475008617707,0.011322475008617707,8,移动止盈
600316,2019-02-25,2019-03-05,13.06,13.763200000000001,0.05384379785604906,0.050343797856049054,8,移动止盈
002467,2019-02-27,2019-03-05,5.89,6.256,0.06213921901528023,0.05863921901528023,6,移动止盈
002354,2019-02-27,2019-03-04,5.35,5.3452,-0.0008971962616821442,-0.004397196261682145,5,移动止盈
002214,2019-02-15,2019-03-08,6.5,7.6175999999999995,0.17193846153846146,0.16843846153846145,21,移动止盈
600139,2019-02-27,2019-03-07,3.93,4.3056,0.09557251908396945,0.09207251908396945,8,移动止盈
000823,2019-02-15,2019-02-27,9.29,9.8164,0.056663078579117405,0.0531630785791174,12,移动止盈
600698,2019-02-27,2019-03-06,4.11,4.140000000000001,0.00729927007299276,0.0037992700729927603,7,移动止盈
600703,2019-02-12,2019-02-18,10.92,12.0336,0.10197802197802197,0.09847802197802197,6,移动止盈
002329,2019-02-27,2019-03-14,4.34,4.232,-0.02488479262672803,-0.02838479262672803,15,移动止盈
002329,2019-04-11,2019-04-16,4.75,4.5632,-0.039326315789473654,-0.04282631578947366,5,移动止盈
600550,2019-02-27,2019-03-08,4.33,4.8116,0.11122401847575063,0.10772401847575062,9,移动止盈
002488,2019-02-27,2019-03-08,7.86,11.5828,0.4736386768447837,0.4701386768447837,9,移动止盈
601179,2019-02-27,2019-03-08,4.2,4.0848,-0.027428571428571368,-0.030928571428571368,9,移动止盈
002453,2019-02-27,2019-03-07,6.49,6.3296,-0.024714946070878287,-0.028214946070878287,8,移动止盈
002194,2019-02-20,2019-02-26,8.76,10.2764,0.17310502283105034,0.16960502283105033,6,移动止盈
600677,2019-02-13,2019-02-21,12.18,13.873600000000001,0.1390476190476192,0.1355476190476192,8,移动止盈
603929,2019-02-18,2019-03-08,16.27,18.114800000000002,0.11338660110633085,0.10988660110633085,18,移动止盈
000957,2019-02-14,2019-02-20,6.06,6.1456,0.014125412541254182,0.010625412541254183,6,移动止盈
002642,2019-02-27,2019-03-05,6.68,6.9,0.032934131736527046,0.029434131736527046,6,移动止盈
600864,2019-02-20,2019-02-26,4.89,6.026,0.2323108384458078,0.2288108384458078,6,移动止盈
600864,2019-04-02,2019-04-08,8.03,8.3444,0.03915317559153187,0.03565317559153187,6,移动止盈
600072,2019-02-27,2019-03-04,8.82,9.9084,0.12340136054421769,0.11990136054421768,5,移动止盈
000969,2019-02-26,2019-03-14,5.93,6.283600000000001,0.0596290050590221,0.056129005059022095,16,移动止盈
002897,2019-02-27,2019-03-04,22.67,23.8096,0.05026907807675333,0.046769078076753325,5,移动止盈
002660,2019-03-05,2019-03-11,7.17,7.3968,0.0316317991631799,0.028131799163179903,6,移动止盈
002153,2019-02-13,2019-02-27,30.89,31.8136,0.029899643897701535,0.026399643897701535,14,移动止盈
000055,2019-02-26,2019-03-11,6.67,6.3848,-0.04275862068965512,-0.046258620689655125,13,移动止盈
000592,2019-02-26,2019-03-06,3.82,4.0572,0.06209424083769636,0.058594240837696356,8,移动止盈
000592,2019-04-19,2019-04-26,4.76,4.4528,-0.0645378151260504,-0.06803781512605041,7,移动止盈
603063,2019-02-13,2019-02-19,8.0,8.7584,0.0948,0.09129999999999999,6,移动止盈
600906,2021-06-22,2021-06-28,16.8973,17.3052,0.024139951353174642,0.020639951353174642,6,移动止盈
002721,2019-02-27,2019-03-08,6.32,6.578,0.040822784810126585,0.03732278481012658,9,移动止盈
605005,2021-04-21,2021-04-26,21.59,20.497600000000002,-0.05059749884205641,-0.05409749884205641,5,移动止盈
002189,2019-02-12,2019-02-22,15.0,15.345600000000001,0.023040000000000067,0.019540000000000068,10,移动止盈
002189,2019-03-25,2019-04-01,25.53,26.8456,0.051531531531531526,0.04803153153153152,7,移动止盈
002933,2019-02-27,2019-03-08,49.24,51.970800000000004,0.055458976441917184,0.05195897644191718,9,移动止盈
600879,2019-02-27,2019-03-14,6.56,6.9828,0.06445121951219521,0.060951219512195204,15,移动止盈
000758,2019-02-27,2019-03-07,4.75,5.0784,0.0691368421052632,0.0656368421052632,8,移动止盈
000758,2019-04-03,2019-04-12,5.2,5.0048,-0.0375384615384615,-0.0410384615384615,9,移动止盈
601375,2019-02-26,2019-03-04,6.1509,5.7684,-0.06218602155782085,-0.06568602155782086,6,移动止盈
601375,2019-04-02,2019-04-16,6.34,6.0444,-0.04662460567823335,-0.050124605678233354,14,移动止盈
002756,2019-02-18,2019-02-26,15.01,15.253599999999999,0.016229180546302395,0.012729180546302395,8,移动止盈
600393,2019-02-27,2019-03-06,2.93,3.0452000000000004,0.03931740614334477,0.03581740614334477,7,移动止盈
600393,2019-04-17,2019-04-22,3.5,3.8180000000000005,0.090857142857143,0.087357142857143,5,移动止盈
603803,2019-02-13,2019-02-27,10.99,11.5184,0.048080072793448544,0.04458007279344854,14,移动止盈
002342,2019-02-27,2019-03-05,3.85,3.9468,0.02514285714285714,0.02164285714285714,6,移动止盈
603999,2019-02-26,2019-03-04,6.464,5.946880000000001,-0.07999999999999989,-0.0834999999999999,6,移动止盈
002579,2019-02-13,2019-02-19,10.16,10.5984,0.043149606299212565,0.03964960629921256,6,移动止盈
600938,2022-05-31,2022-06-16,19.5,18.8508,-0.03329230769230772,-0.03679230769230772,16,移动止盈
000783,2019-02-26,2019-03-04,7.79,7.1668,-0.07999999999999997,-0.08349999999999998,6,移动止盈
000783,2019-04-02,2019-04-10,7.77,7.792400000000001,0.0028828828828830226,-0.0006171171171169775,8,移动止盈
603400,2025-08-07,2025-08-12,61.28,62.56,0.020887728459530044,0.017387728459530044,5,移动止盈
605268,2021-04-07,2021-04-12,16.06,16.5508,0.030560398505603995,0.027060398505603996,5,移动止盈
002182,2019-02-26,2019-03-25,7.83,8.804400000000001,0.12444444444444458,0.12094444444444458,27,移动止盈
600804,2019-02-13,2019-02-21,8.36,8.786000000000001,0.0509569377990433,0.047456937799043294,8,移动止盈
600495,2019-02-27,2019-03-04,5.38,5.2256,-0.02869888475836429,-0.03219888475836429,5,移动止盈
002051,2019-03-19,2019-03-26,15.98,15.0144,-0.06042553191489363,-0.06392553191489363,7,移动止盈
601686,2021-01-18,2021-02-05,12.52,12.309600000000001,-0.016805111821086113,-0.020305111821086113,18,移动止盈
603688,2019-02-13,2019-03-11,13.93,14.784400000000002,0.06133524766690609,0.057835247666906085,26,移动止盈
600203,2019-02-20,2019-02-25,5.24,5.3912,0.02885496183206111,0.02535496183206111,5,移动止盈
600531,2019-02-25,2019-03-07,4.67,5.9064000000000005,0.2647537473233406,0.2612537473233406,10,移动止盈
000936,2019-02-26,2019-03-05,7.88,8.3352,0.057766497461928995,0.05426649746192899,7,移动止盈
002939,2019-02-15,2019-02-22,10.56,11.454,0.08465909090909092,0.08115909090909092,7,移动止盈
002167,2019-03-06,2019-03-11,7.73,7.728000000000001,-0.00025873221216038547,-0.0037587322121603855,5,移动止盈
002987,2020-07-01,2020-07-07,59.01,63.10280000000001,0.06935773597695324,0.06585773597695324,6,移动止盈
002987,2020-08-05,2020-08-12,68.89,64.216,-0.06784729278560032,-0.07134729278560033,7,移动止盈
002987,2020-09-21,2020-09-28,58.91,54.556,-0.07390935325072143,-0.07740935325072143,7,移动止盈
603609,2019-03-05,2019-03-11,11.4,11.2792,-0.010596491228070255,-0.014096491228070255,6,移动止盈
603609,2019-04-24,2019-04-29,14.0,13.781600000000001,-0.015599999999999932,-0.019099999999999933,5,移动止盈
600109,2019-02-15,2019-02-22,8.56,8.832,0.031775700934579466,0.028275700934579467,7,移动止盈
600109,2019-04-02,2019-04-10,11.2,11.454,0.022678571428571548,0.019178571428571548,8,移动止盈
600555,2019-02-27,2019-03-08,3.1,3.2292,0.0416774193548387,0.0381774193548387,9,移动止盈
603032,2019-03-04,2019-03-11,33.33,42.6788,0.28049204920492066,0.27699204920492065,7,移动止盈
000812,2019-02-20,2019-02-25,4.1,4.2504,0.036682926829268374,0.03318292682926837,5,移动止盈
601388,2019-02-27,2019-03-05,2.51,2.7600000000000002,0.0996015936254982,0.0961015936254982,6,移动止盈
002103,2019-02-20,2019-02-27,4.71,4.784000000000001,0.01571125265392797,0.01221125265392797,7,移动止盈
603386,2019-02-15,2019-02-20,15.48,16.468,0.06382428940568473,0.060324289405684725,5,移动止盈
000005,2019-02-27,2019-03-12,3.3,3.8640000000000003,0.17090909090909107,0.16740909090909106,13,移动止盈
002098,2019-02-13,2019-02-20,8.9,9.3472,0.05024719101123601,0.046747191011236006,7,移动止盈
002457,2019-02-27,2019-03-08,8.82,8.8688,0.005532879818594099,0.0020328798185940988,9,移动止盈
000550,2019-02-13,2019-02-27,16.57,17.387999999999998,0.04936632468316221,0.04586632468316221,14,移动止盈
000550,2019-04-02,2019-04-08,23.6,25.8796,0.09659322033898299,0.09309322033898298,6,移动止盈
603363,2019-02-13,2019-02-18,8.27,9.4852,0.14694074969770268,0.14344074969770268,5,移动止盈
603363,2019-04-02,2019-04-09,16.3317,17.434,0.06749450455249603,0.06399450455249603,7,移动止盈
601002,2019-02-27,2019-03-08,7.2922,7.0840000000000005,-0.028551054551438484,-0.03205105455143849,9,移动止盈
001228,2022-06-24,2022-06-29,50.05,49.4684,-0.011620379620379512,-0.015120379620379511,5,移动止盈
001228,2022-07-29,2022-08-04,61.74,59.294000000000004,-0.039617751862649785,-0.04311775186264979,6,移动止盈
002174,2019-03-04,2019-03-11,20.53,22.319200000000002,0.08715051144666347,0.08365051144666347,7,移动止盈
002313,2019-02-25,2019-03-05,25.6,25.0148,-0.022859375000000015,-0.026359375000000015,8,移动止盈
002175,2019-02-26,2019-03-08,3.67,5.8696,0.5993460490463216,0.5958460490463217,10,移动止盈
002289,2019-02-15,2019-02-20,6.08,6.578,0.08190789473684214,0.07840789473684213,5,移动止盈
000526,2019-02-20,2019-02-25,21.6,23.0,0.06481481481481474,0.06131481481481474,5,移动止盈
603912,2019-02-14,2019-02-20,15.43,15.759599999999999,0.02136098509397273,0.017860985093972732,6,移动止盈
601778,2020-07-08,2020-07-14,8.21,8.427200000000001,0.02645554202192449,0.02295554202192449,6,移动止盈
600210,2019-02-26,2019-03-05,4.36,4.2504,-0.025137614678899165,-0.028637614678899165,7,移动止盈
002957,2019-09-05,2019-09-11,39.67,40.480000000000004,0.02041845223090502,0.01691845223090502,6,移动止盈
002733,2019-02-18,2019-02-25,18.9,22.521600000000003,0.19161904761904786,0.18811904761904785,7,移动止盈
002326,2019-02-14,2019-03-08,9.0092,8.97,-0.004351107756515477,-0.007851107756515477,22,移动止盈
002141,2019-02-18,2019-02-26,4.37,4.8484,0.10947368421052625,0.10597368421052625,8,移动止盈
601100,2019-02-25,2019-03-26,28.05,31.785999999999998,0.13319073083778957,0.12969073083778956,29,移动止盈
603859,2019-02-26,2019-03-06,23.72,26.128,0.10151770657672855,0.09801770657672855,8,移动止盈
600707,2019-03-05,2019-03-11,6.42,6.6608,0.03750778816199379,0.034007788161993784,6,移动止盈
600800,2019-02-14,2019-03-08,5.55,6.992,0.2598198198198199,0.2563198198198199,22,移动止盈
603538,2019-02-13,2019-02-21,20.2,19.448800000000002,-0.03718811881188105,-0.04068811881188105,8,移动止盈
605098,2021-06-18,2021-06-24,43.88,46.8096,0.06676390154968095,0.06326390154968095,6,移动止盈
600909,2019-02-26,2019-03-04,6.83,6.5044,-0.04767203513909219,-0.051172035139092194,6,移动止盈
600909,2019-04-02,2019-04-08,7.35,7.341600000000001,-0.001142857142857017,-0.004642857142857017,6,移动止盈
000897,2019-02-27,2019-03-05,2.65,2.7876,0.05192452830188677,0.04842452830188677,6,移动止盈
002619,2019-02-26,2019-03-05,4.14,4.1491999999999996,0.0022222222222221923,-0.0012777777777778078,7,移动止盈
600061,2019-02-20,2019-02-27,10.43,13.616000000000001,0.305465004793864,0.301965004793864,7,移动止盈
600061,2019-04-02,2019-04-08,14.79,14.398000000000001,-0.026504394861392677,-0.030004394861392676,6,移动止盈
002576,2019-02-27,2019-03-08,11.8,11.684,-0.009830508474576392,-0.013330508474576392,9,移动止盈
000616,2019-02-27,2019-03-05,3.42,3.45,0.008771929824561476,0.005271929824561476,6,移动止盈
002577,2019-02-15,2019-02-20,11.6,11.2976,-0.02606896551724142,-0.02956896551724142,5,移动止盈
002023,2019-02-20,2019-03-01,11.27,11.4356,0.014693877551020524,0.011193877551020524,9,移动止盈
600169,2019-02-27,2019-03-07,2.99,3.0636,0.024615384615384577,0.021115384615384578,8,移动止盈
603181,2019-02-20,2019-03-22,19.18,21.4,0.11574556830031277,0.11224556830031276,30,时间止盈
002651,2019-02-27,2019-03-05,5.03,5.3452,0.06266401590457255,0.05916401590457254,6,移动止盈
000933,2019-02-27,2019-03-06,4.78,5.1888,0.08552301255230112,0.08202301255230111,7,移动止盈
000933,2019-04-03,2019-04-08,5.28,5.4556,0.033257575757575625,0.029757575757575625,5,移动止盈
002239,2019-02-27,2019-03-05,2.52,2.5668,0.01857142857142864,0.015071428571428642,6,移动止盈
002238,2019-02-22,2019-02-27,7.94,7.691199999999999,-0.03133501259445857,-0.03483501259445857,5,移动止盈
002491,2019-02-13,2019-02-22,8.76,9.1448,0.043926940639269434,0.04042694063926943,9,移动止盈
601020,2019-02-27,2019-03-08,10.74,11.086,0.03221601489757915,0.02871601489757915,9,移动止盈
601020,2019-04-03,2019-04-16,11.82,11.941600000000001,0.010287648054145586,0.006787648054145586,13,移动止盈
603978,2019-02-27,2019-03-12,22.85,24.398400000000002,0.06776367614879654,0.06426367614879654,13,移动止盈
002908,2019-02-20,2019-03-06,19.29,20.378,0.05640228097459829,0.05290228097459829,14,移动止盈
002542,2019-02-27,2019-03-13,4.8,5.8696,0.2228333333333334,0.2193333333333334,14,移动止盈
601068,2019-02-27,2019-03-04,6.35,6.8632,0.08081889763779533,0.07731889763779533,5,移动止盈
002848,2019-02-13,2019-02-21,14.01,14.020800000000001,0.0007708779443255871,-0.002729122055674413,8,移动止盈
002271,2019-02-20,2019-03-08,17.59,19.044,0.08266060261512226,0.07916060261512226,16,移动止盈
600766,2019-02-14,2019-02-19,7.55,8.004,0.0601324503311258,0.056632450331125794,5,移动止盈
002940,2019-02-14,2019-03-08,40.05,42.2004,0.05369288389513121,0.050192883895131206,22,移动止盈
002941,2019-02-19,2019-02-26,32.62,37.0944,0.13716738197424902,0.13366738197424902,7,移动止盈
000018,2019-02-13,2019-02-22,2.33,2.3644,0.014763948497853976,0.011263948497853976,9,移动止盈
601992,2019-02-27,2019-03-08,3.95,3.956,0.001518987341772097,-0.001981012658227903,9,移动止盈
601901,2019-02-20,2019-02-25,6.69,7.406000000000001,0.10702541106128552,0.10352541106128552,5,移动止盈
601901,2019-04-02,2019-04-09,7.78,8.096000000000002,0.04061696658097707,0.037116966580977066,7,移动止盈
601901,2019-05-22,2019-05-30,7.15,7.2312,0.011356643356643348,0.007856643356643348,8,移动止盈
600759,2019-02-27,2019-03-08,3.08,3.2292,0.04844155844155844,0.044941558441558435,9,移动止盈
600894,2019-02-21,2019-03-08,6.71,7.111600000000001,0.059850968703427876,0.05635096870342787,15,移动止盈
002113,2019-02-12,2019-02-22,3.32,3.6340000000000003,0.0945783132530122,0.0910783132530122,10,移动止盈
600058,2019-02-27,2019-03-08,7.77,8.0868,0.04077220077220085,0.03727220077220085,9,移动止盈
002089,2019-02-13,2019-02-21,4.5,4.8668000000000005,0.08151111111111121,0.07801111111111121,8,移动止盈
600119,2019-02-20,2019-02-25,6.47,6.651600000000001,0.02806800618238042,0.02456800618238042,5,移动止盈
600119,2019-04-08,2019-04-15,8.16,8.1144,-0.005588235294117685,-0.009088235294117685,7,移动止盈
603618,2019-02-25,2019-03-08,6.75,6.421600000000001,-0.04865185185185176,-0.05215185185185176,11,移动止盈
002669,2019-02-15,2019-02-26,12.6,13.064,0.03682539682539686,0.033325396825396855,11,移动止盈
601616,2019-02-18,2019-03-06,3.95,4.3056,0.09002531645569618,0.08652531645569618,16,移动止盈
001270,2022-07-19,2022-07-25,93.8,110.308,0.1759914712153519,0.1724914712153519,6,移动止盈
600293,2019-02-27,2019-03-07,4.52,4.922,0.08893805309734518,0.08543805309734517,8,移动止盈
603903,2019-02-27,2019-03-14,22.9,22.3652,-0.023353711790392886,-0.026853711790392885,15,移动止盈
002479,2019-02-27,2019-03-26,5.18,5.437200000000001,0.04965250965250984,0.04615250965250984,27,移动止盈
603500,2019-02-20,2019-03-08,12.18,12.4476,0.02197044334975368,0.01847044334975368,16,移动止盈
002972,2020-02-19,2020-02-28,23.9,24.2788,0.015849372384937315,0.012349372384937315,9,移动止盈
600614,2019-02-21,2019-02-26,6.3125,6.6976,0.06100594059405948,0.057505940594059474,5,移动止盈
600686,2019-02-27,2019-03-08,8.67,8.602,-0.007843137254901917,-0.011343137254901917,9,移动止盈
000751,2019-02-27,2019-03-07,3.77,3.9836,0.056657824933687005,0.053157824933687,8,移动止盈
002656,2019-02-26,2019-03-04,6.35,7.4336,0.17064566929133868,0.16714566929133867,6,移动止盈
002657,2019-04-02,2019-04-08,20.42,20.5896,0.008305582761997995,0.004805582761997995,6,移动止盈
000750,2019-02-12,2019-02-22,4.88,5.1336,0.0519672131147542,0.048467213114754194,10,移动止盈
000056,2019-02-21,2019-03-06,5.14,5.5752,0.08466926070038912,0.08116926070038911,13,移动止盈
000498,2019-02-27,2019-03-08,5.97,5.9248,-0.007571189279731903,-0.011071189279731903,9,移动止盈
603680,2019-02-27,2019-03-08,16.9,16.7072,-0.01140828402366854,-0.01490828402366854,9,移动止盈
600112,2019-02-27,2019-03-06,4.8,4.6736,-0.02633333333333321,-0.02983333333333321,7,移动止盈
002497,2019-02-13,2019-02-22,6.76,7.5256,0.11325443786982249,0.10975443786982249,9,移动止盈
601878,2019-02-20,2019-02-26,8.74,10.478800000000001,0.19894736842105276,0.19544736842105276,6,移动止盈
601878,2019-04-02,2019-04-08,11.8,11.7208,-0.006711864406779674,-0.010211864406779673,6,移动止盈
600996,2019-02-12,2019-02-26,6.8,8.004,0.17705882352941174,0.17355882352941174,14,移动止盈
603061,2023-04-14,2023-04-21,135.22889999999998,155.664,0.1511148874242119,0.1476148874242119,7,移动止盈
002118,2019-02-14,2019-02-19,5.07,5.6028,0.10508875739644968,0.10158875739644968,5,移动止盈
002118,2019-03-22,2019-03-27,8.46,9.8256,0.1614184397163119,0.1579184397163119,5,移动止盈
002545,2019-02-26,2019-03-08,7.48,7.4152000000000005,-0.00866310160427807,-0.01216310160427807,10,移动止盈
603169,2019-02-20,2019-02-26,4.97,5.3912,0.08474849094567419,0.08124849094567418,6,移动止盈
002277,2019-02-27,2019-03-27,3.91,3.9376,0.007058823529411782,0.0035588235294117822,28,移动止盈
002276,2019-02-27,2019-03-08,6.86,6.9736,0.016559766763848384,0.013059766763848384,9,移动止盈
601377,2019-02-20,2019-02-26,5.98,7.268000000000001,0.21538461538461542,0.21188461538461542,6,移动止盈
601377,2019-04-02,2019-04-08,7.37,7.488800000000001,0.01611940298507478,0.01261940298507478,6,移动止盈
000837,2019-02-27,2019-03-08,4.79,4.9588,0.0352400835073069,0.0317400835073069,9,移动止盈
600242,2019-02-14,2019-03-01,11.49,12.236,0.06492602262837253,0.06142602262837253,15,移动止盈
600478,2019-02-27,2019-03-08,5.05,5.1152,0.012910891089108896,0.009410891089108897,9,移动止盈
002067,2019-02-20,2019-03-11,3.69,3.9192,0.0621138211382114,0.0586138211382114,19,移动止盈
002127,2019-02-26,2019-03-08,10.77,10.304,-0.04326833797585881,-0.04676833797585881,10,移动止盈
600391,2019-02-27,2019-03-12,13.7,15.686000000000002,0.14496350364963523,0.14146350364963522,13,移动止盈
600391,2019-04-03,2019-04-10,17.84,17.1212,-0.040291479820627696,-0.0437914798206277,7,移动止盈
001373,2023-07-18,2023-07-24,49.5,53.0656,0.0720323232323233,0.06853232323232329,6,移动止盈
000712,2019-02-20,2019-02-27,10.9,12.8064,0.1748990825688073,0.1713990825688073,7,移动止盈
000712,2019-04-02,2019-04-08,14.35,15.916000000000002,0.10912891986062735,0.10562891986062735,6,移动止盈
002249,2019-02-20,2019-03-08,4.32,4.5724,0.05842592592592586,0.05492592592592586,16,移动止盈
601236,2019-08-20,2019-08-28,15.7,15.088,-0.03898089171974523,-0.042480891719745235,8,移动止盈
002583,2019-02-12,2019-03-06,9.09,11.3528,0.24893289328932897,0.24543289328932896,22,移动止盈
001283,2022-11-03,2022-11-14,55.56,56.4604,0.016205903527717738,0.012705903527717739,11,移动止盈
000416,2019-02-20,2019-02-25,4.94,5.354400000000001,0.08388663967611347,0.08038663967611347,5,移动止盈
600369,2019-02-20,2019-02-26,4.26,5.2716,0.2374647887323945,0.23396478873239449,6,移动止盈
600369,2019-04-02,2019-04-15,5.61,5.98,0.06595365418894832,0.06245365418894831,13,移动止盈
000557,2019-02-27,2019-03-08,4.06,4.2688,0.051428571428571455,0.04792857142857145,9,移动止盈
000955,2019-02-13,2019-03-08,4.25,4.9956,0.17543529411764697,0.17193529411764696,23,移动止盈
001326,2023-12-29,2024-01-09,52.76,52.30200000000001,-0.008680818802122656,-0.012180818802122656,11,移动止盈
002426,2019-02-14,2019-02-19,2.8,3.4040000000000004,0.2157142857142859,0.2122142857142859,5,移动止盈
603098,2019-02-13,2019-02-20,13.9,16.330000000000002,0.1748201438848922,0.1713201438848922,7,移动止盈
600356,2019-02-22,2019-03-06,7.39,7.36,-0.004059539918809116,-0.007559539918809116,12,移动止盈
000923,2019-02-13,2019-02-27,13.28,14.4532,0.08834337349397602,0.08484337349397601,14,移动止盈
002609,2019-02-14,2019-02-20,6.1,6.421600000000001,0.05272131147541,0.04922131147541,6,移动止盈
603042,2019-02-20,2019-03-11,13.38,14.959200000000003,0.11802690582959655,0.11452690582959654,19,移动止盈
000862,2019-02-19,2019-02-25,6.77,7.4428,0.09937961595273273,0.09587961595273273,6,移动止盈
603516,2019-02-20,2019-03-08,23.44,26.8364,0.1448976109215017,0.1413976109215017,16,移动止盈
002032,2019-02-27,2019-03-08,63.0745,62.49560000000001,-0.009178035497704939,-0.012678035497704939,9,移动止盈
603828,2019-02-27,2019-03-04,9.48,9.338000000000001,-0.01497890295358644,-0.01847890295358644,5,移动止盈
600105,2019-02-19,2019-02-26,5.04,5.4096,0.07333333333333336,0.06983333333333336,7,移动止盈
002229,2019-02-15,2019-02-27,7.13,7.718800000000001,0.08258064516129045,0.07908064516129044,12,移动止盈
601698,2019-08-29,2019-09-03,10.99,13.2204,0.20294813466787984,0.19944813466787983,5,移动止盈
605337,2021-03-22,2021-03-29,34.5,35.677600000000005,0.03413333333333349,0.030633333333333488,7,移动止盈
000797,2019-02-12,2019-03-01,5.23,5.501600000000001,0.0519311663479924,0.048431166347992397,17,移动止盈
600172,2019-02-14,2019-03-01,3.65,3.9468,0.08131506849315073,0.07781506849315073,15,移动止盈
002130,2019-02-26,2019-03-04,4.34,4.2872,-0.01216589861751141,-0.01566589861751141,6,移动止盈
600255,2019-02-27,2019-03-04,2.23,2.346,0.05201793721973099,0.04851793721973099,5,移动止盈
002926,2019-02-15,2019-02-22,9.15,9.476,0.0356284153005465,0.0321284153005465,7,移动止盈
002926,2019-04-02,2019-04-10,12.36,11.822000000000001,-0.043527508090614765,-0.04702750809061477,8,移动止盈
