代码,回踩日期,放量日期,放量收盘价,质量总分,跌幅评分,时间评分,回踩评分,跌幅,缩量到放量天数
001215,2021-11-03 00:00:00,2021-11-02 00:00:00,68.1,80,20,40,20,12.368024132730008,12
001270,2022-07-18 00:00:00,2022-07-15 00:00:00,90.9,80,20,40,20,13.097406540029496,8
001314,2023-05-08 00:00:00,2023-05-05 00:00:00,38.48,80,20,40,20,12.392108508014784,11
001316,2022-10-25 00:00:00,2022-10-24 00:00:00,40.49,80,20,40,20,14.94999999999999,14
001373,2023-10-25 00:00:00,2023-10-24 00:00:00,39.8,80,20,40,20,12.652798627493041,12
002975,2020-04-01 00:00:00,2020-03-31 00:00:00,117.99,80,20,40,20,17.510948905109487,13
002977,2020-06-23 00:00:00,2020-06-22 00:00:00,86.67,80,20,40,20,17.5784475639967,13
002978,2020-06-09 00:00:00,2020-06-08 00:00:00,33.98,80,20,40,20,18.29044117647059,13
002987,2020-09-18 00:00:00,2020-09-17 00:00:00,57.13,80,20,40,20,14.467658843732103,14
600906,2021-06-21 00:00:00,2021-06-18 00:00:00,16.34,80,20,40,20,13.839027214823387,9
601456,2020-09-17 00:00:00,2020-09-16 00:00:00,17.06,80,20,40,20,13.832695462001091,7
601686,2021-03-12 00:00:00,2021-03-11 00:00:00,11.64,80,20,40,20,13.90134529147983,15
603310,2024-11-07 00:00:00,2024-11-06 00:00:00,19.32,80,20,40,20,17.936117936117945,5
603325,2024-04-29 00:00:00,2024-04-26 00:00:00,72.79,80,20,40,20,14.123581336696095,14
605008,2020-11-17 00:00:00,2020-11-16 00:00:00,28.5,80,20,40,20,15.366820885657638,5
605008,2021-04-08 00:00:00,2021-04-07 00:00:00,28.06,80,20,40,20,15.792880258899675,7
605080,2021-06-22 00:00:00,2021-06-21 00:00:00,59.2,80,20,40,20,12.939773404889692,12
605123,2020-11-20 00:00:00,2020-11-19 00:00:00,74.52,80,20,40,20,18.30610203401134,6
605138,2021-12-08 00:00:00,2021-12-07 00:00:00,11.47,80,20,40,20,19.986072423398323,8
002977,2020-08-04 00:00:00,2020-08-03 00:00:00,138.48,75,15,40,20,10.2240518288568,7
002984,2020-12-15 00:00:00,2020-12-14 00:00:00,24.39,75,15,40,20,11.680613668061373,13
002985,2020-08-04 00:00:00,2020-08-03 00:00:00,176.22,75,15,40,20,9.592592592592588,7
601995,2020-12-16 00:00:00,2020-12-15 00:00:00,61.5,75,15,40,20,9.083032490974729,12
603489,2020-02-13 00:00:00,2020-02-12 00:00:00,104.4,75,15,40,20,9.307958477508643,9
605198,2020-11-10 00:00:00,2020-11-09 00:00:00,27.66,75,15,40,20,10.143406785589363,12
605338,2020-11-17 00:00:00,2020-11-16 00:00:00,49.2,75,15,40,20,8.213794458636274,5
001208,2021-08-06 00:00:00,2021-08-05 00:00:00,10.46,70,10,40,20,23.35766423357664,9
001221,2025-09-10 00:00:00,2025-09-09 00:00:00,54.47,70,10,40,20,57.07500000000001,12
001296,2022-02-08 00:00:00,2022-02-07 00:00:00,36.64,70,10,40,20,40.0978407557355,12
001314,2023-03-21 00:00:00,2023-03-20 00:00:00,45.56,70,10,40,20,28.205969170219742,5
001316,2022-08-09 00:00:00,2022-08-08 00:00:00,37.48,70,10,40,20,37.29703132688208,14
001328,2023-05-22 00:00:00,2023-05-19 00:00:00,36.11,70,10,40,20,51.92307692307693,7
001373,2023-07-17 00:00:00,2023-07-14 00:00:00,44.78,70,10,40,20,41.44889663182346,10
001382,2025-05-07 00:00:00,2025-05-06 00:00:00,22.24,70,10,40,20,38.83783783783784,14
001382,2025-06-30 00:00:00,2025-06-27 00:00:00,21.23,70,20,30,20,12.99019607843137,18
001387,2024-03-07 00:00:00,2024-03-06 00:00:00,22.31,70,10,40,20,56.58168574401664,15
001387,2024-04-24 00:00:00,2024-04-23 00:00:00,23.61,70,10,40,20,23.855963990997747,13
001400,2025-06-12 00:00:00,2025-06-11 00:00:00,57.88,70,10,40,20,33.87191885835594,14
002972,2020-02-18 00:00:00,2020-02-17 00:00:00,22.63,70,10,40,20,36.101808439383795,12
002977,2020-05-08 00:00:00,2020-05-07 00:00:00,80.3,70,10,40,20,27.705627705627705,15
002981,2020-06-02 00:00:00,2020-06-01 00:00:00,40.86,70,10,40,20,20.448933782267115,7
002984,2020-10-30 00:00:00,2020-10-29 00:00:00,23.89,70,10,40,20,23.310023310023308,9
002985,2020-09-18 00:00:00,2020-09-17 00:00:00,159.03,70,10,40,20,20.967991340652546,14
002985,2020-11-16 00:00:00,2020-11-13 00:00:00,154.22,70,20,30,20,17.680323139065212,16
002997,2020-11-04 00:00:00,2020-11-03 00:00:00,18.7,70,10,40,20,31.951640759930918,15
601686,2021-01-15 00:00:00,2021-01-14 00:00:00,12.5,70,10,40,20,32.21802482460874,9
603061,2023-04-13 00:00:00,2023-04-12 00:00:00,122.84,70,10,40,20,25.729442970822287,9
603097,2022-06-21 00:00:00,2022-06-20 00:00:00,23.43,70,10,40,20,26.149068322981368,5
603102,2022-03-21 00:00:00,2022-03-18 00:00:00,48.89,70,10,40,20,37.402500928562574,15
603109,2020-02-17 00:00:00,2020-02-14 00:00:00,21.94,70,10,40,20,36.15360599438027,7
603112,2020-11-05 00:00:00,2020-11-04 00:00:00,11.83,70,10,40,20,35.00551267916208,9
603124,2025-05-07 00:00:00,2025-05-06 00:00:00,43.14,70,10,40,20,53.213367609254504,15
603125,2023-05-22 00:00:00,2023-05-19 00:00:00,30.89,70,10,40,20,46.11111111111111,7
603135,2023-05-19 00:00:00,2023-05-18 00:00:00,19.8,70,10,40,20,43.93355087511125,6
603155,2020-10-12 00:00:00,2020-10-09 00:00:00,34.0,70,10,40,20,34.92566897918732,9
603170,2022-08-29 00:00:00,2022-08-26 00:00:00,26.01,70,10,40,20,23.018973214285722,11
603171,2021-08-11 00:00:00,2021-08-10 00:00:00,37.52,70,10,40,20,37.172253567872545,12
603182,2022-11-01 00:00:00,2022-10-31 00:00:00,16.62,70,10,40,20,27.377049180327866,13
603191,2022-06-17 00:00:00,2022-06-16 00:00:00,19.09,70,10,40,20,39.39193654990086,14
603194,2025-02-10 00:00:00,2025-02-07 00:00:00,37.43,70,10,40,20,50.821545935133585,15
603221,2020-05-08 00:00:00,2020-05-07 00:00:00,14.58,70,10,40,20,40.47715325515568,15
603221,2020-07-01 00:00:00,2020-06-30 00:00:00,14.87,70,20,30,20,17.3728813559322,21
603296,2023-09-25 00:00:00,2023-09-22 00:00:00,70.5,70,20,30,20,12.116336633663357,16
603310,2024-09-25 00:00:00,2024-09-24 00:00:00,15.52,70,10,40,20,45.9366391184573,12
603381,2024-09-25 00:00:00,2024-09-24 00:00:00,20.1,70,20,30,20,18.121847109041514,22
603400,2025-08-04 00:00:00,2025-08-01 00:00:00,55.1,70,10,40,20,46.75257731958763,11
603439,2020-06-11 00:00:00,2020-06-10 00:00:00,30.42,70,10,40,20,23.820352472996017,5
605008,2021-02-25 00:00:00,2021-02-24 00:00:00,29.88,70,20,30,20,15.375722543352602,20
605080,2021-08-11 00:00:00,2021-08-10 00:00:00,55.99,70,20,30,20,17.312999273783582,19
605108,2020-08-31 00:00:00,2020-08-28 00:00:00,28.31,70,10,40,20,23.04186841355739,14
605116,2020-11-10 00:00:00,2020-11-09 00:00:00,18.78,70,10,40,20,23.6105476673428,12
605123,2020-10-12 00:00:00,2020-10-09 00:00:00,78.87,70,20,30,20,15.336956521739129,16
605133,2021-04-02 00:00:00,2021-04-01 00:00:00,25.24,70,10,40,20,35.45945945945947,7
605183,2021-01-18 00:00:00,2021-01-15 00:00:00,16.08,70,10,40,20,44.246620507748105,9
605333,2020-10-13 00:00:00,2020-10-12 00:00:00,16.93,70,10,40,20,35.44827586206897,13
001207,2021-11-23 00:00:00,2021-11-22 00:00:00,24.17,65,5,40,20,5.072463768115947,5
001217,2021-11-17 00:00:00,2021-11-16 00:00:00,21.26,65,5,40,20,7.026291931096996,8
001256,2023-01-31 00:00:00,2023-01-30 00:00:00,23.02,65,15,30,20,8.691241122759555,20
002962,2020-01-10 00:00:00,2020-01-09 00:00:00,37.9,65,15,30,20,8.293726235741433,17
002970,2020-02-05 00:00:00,2020-02-04 00:00:00,128.8,65,15,30,20,9.133715665559912,18
002975,2020-06-01 00:00:00,2020-05-29 00:00:00,124.95,65,15,30,20,9.947155735156986,16
002985,2020-06-23 00:00:00,2020-06-22 00:00:00,103.88,65,15,30,20,9.064039408866998,18
603102,2022-06-28 00:00:00,2022-06-27 00:00:00,42.3,65,5,40,20,7.20720720720721,5
603124,2025-08-01 00:00:00,2025-07-31 00:00:00,55.29,65,15,30,20,11.545655500765175,17
603257,2025-07-21 00:00:00,2025-07-18 00:00:00,53.33,65,5,40,20,5.202520252025203,11
603261,2022-06-24 00:00:00,2022-06-23 00:00:00,47.17,65,15,30,20,8.91089108910891,16
603392,2020-07-08 00:00:00,2020-07-07 00:00:00,171.5,65,5,40,20,0.0,13
603489,2020-06-05 00:00:00,2020-06-04 00:00:00,109.95,65,5,40,20,6.371951219512205,14
603893,2020-04-02 00:00:00,2020-04-01 00:00:00,55.61,65,5,40,20,6.804389928986438,9
603893,2020-07-30 00:00:00,2020-07-29 00:00:00,93.72,65,15,30,20,9.941218933690834,16
605337,2021-05-14 00:00:00,2021-05-13 00:00:00,52.3,65,15,30,20,10.944586866495769,23
000708,2020-02-05 00:00:00,2020-02-04 00:00:00,20.98,60,20,20,20,12.617554858934167,26
001207,2021-08-10 00:00:00,2021-08-09 00:00:00,22.08,60,10,30,20,30.202355783751134,17
001223,2023-02-02 00:00:00,2023-02-01 00:00:00,83.86,60,10,30,20,23.136382888606516,19
001228,2022-06-23 00:00:00,2022-06-22 00:00:00,47.78,60,10,30,20,38.398357289527716,20
001283,2022-11-02 00:00:00,2022-11-01 00:00:00,56.91,60,10,30,20,38.90165719124229,20
001326,2023-12-28 00:00:00,2023-12-27 00:00:00,52.17,60,10,30,20,44.82222222222222,19
001326,2024-02-19 00:00:00,2024-02-08 00:00:00,33.57,60,10,40,10,22.955145118733515,9
001335,2025-06-10 00:00:00,2025-06-09 00:00:00,38.72,60,10,30,20,42.82245827010623,21
001339,2022-10-13 00:00:00,2022-10-12 00:00:00,20.68,60,10,30,20,21.908893709327558,22
